id,name,country
"Q1019155","Bärenquell-Brauerei","Germany"
"Q1019732","Böhmisch Brauhaus Großröhrsdorf","Germany"
"Q1019779","Böhmisches Brauhaus","Germany"
"Q1019921","Börde-Brauerei","Germany"
"Q1020177","Bötzow-Brauerei","Germany"
"Q1021189","Bürgerliches Brauhaus München","Germany"
"Q1031937","Heineken Hungária",""
"Q1041750","Carling","Canada"
"Q1129508","Fix Beer","Greece"
"Q991894","Brauerei G.A. Bruch","Germany"
"Q1134872","Hoegaarden Brewery","Belgium"
"Q1142160","Cruzcampo","Spain"
"Q1143305","Sumol + Compal","Portugal"
"Q1145709","Lindenbrauerei","Germany"
"Q1146548","Sorgendorfer Brauerei","Austria"
"Q1148414","Molson","Canada"
"Q1156773","Dachsbräu","Germany"
"Q1056430","HEINEKEN Mexico","Mexico"
"Q900289","Kopparbergs Brewery","Sweden"
"Q900302","Brauerei Locher","Switzerland"
"Q900395","Brauerei Stadtbühl","Switzerland"
"Q900416","Brauerei Wädenswil","Switzerland"
"Q900271","Brauerei Kesselsdorf","Germany"
"Q900269","Brauerei Kelbra","Germany"
"Q900314","Brasserie Martens","Belgium"
"Q900290","Brewery Kundmüller","Germany"
"Q900295","Brauerei Leikeim","Germany"
"Q900306","Brauerei Lüdde","Germany"
"Q900320","Brauerei Max Leibinger","Germany"
"Q900330","Brauerei Märkl","Germany"
"Q900345","Brauerei Reichenbrand","Germany"
"Q900351","Brauerei Rittmayer","Germany"
"Q900285","Kuchlbauer brewery","Germany"
"Q900387","Brauerei Schwelm","Germany"
"Q900397","Brauerei Spezial","Germany"
"Q900400","Brauerei Weimar-Ehringsdorf","Germany"
"Q900407","Brauerei Westheim","Germany"
"Q900404","Brauerei Wieninger","Germany"
"Q900412","Brauerei Wilhelm Krieger","Germany"
"Q900427","Brauerei zur Malzmühle","Germany"
"Q900425","Brewery „Zum Schlüssel“, Düsseldorf","Germany"
"Q900434","Brauerei Zum Schiffchen, Düsseldorf","Germany"
"Q900343","Rapp Brewery","Germany"
"Q900391","Private Landbrauerei Schönram","Germany"
"Q900437","Kapplerbräu","Germany"
"Q900413","Zassenhaus brewery","Germany"
"Q900500","Brauhaus Pfaffenhofen","Germany"
"Q900504","Brauhaus Sion","Germany"
"Q900510","Brauhaus am Kreuzberg","Germany"
"Q900514","Löwenapotheke am Kornmarkt","Germany"
"Q900506","Riegele","Germany"
"Q900303","Brauerei Liesing","Austria"
"Q900324","Brauerei Murau","Austria"
"Q900335","Brauerei Puntigam","Austria"
"Q900389","Brauerei Schwechat","Austria"
"Q900409","Brauerei Wieselburg","Austria"
"Q900486","Brauhaus Gusswerk","Austria"
"Q900508","Brauhaus der Stadt Wien","Austria"
"Q900469","Braugold","German Democratic Republic"
"Q909817","Dreher Breweries","Hungary"
"Q1164954","Dubuisson Brewery","Belgium"
"Q1165858","Darguner Brauerei","Germany"
"Q1166481","Darmstädter Privatbrauerei","Germany"
"Q1056400","Bucanero Brewery S.A.","Cuba"
"Q1179773","Brewery De Block","Belgium"
"Q948831","Plzeňský Prazdroj","Czech Republic"
"Q1103455","Cluss","Germany"
"Q1083003","Christianssands Bryggeri","Norway"
"Q1109975","Müser-Brauerei","Germany"
"Q911367","BrewDog","United Kingdom"
"Q1103455","Cluss","German Reich"
"Q1000737","Marthabräu","Germany"
"Q1001644","Budweiser Budvar","Czech Republic"
"Q969673","Em Kölsche Boor","Germany"
"Q900366","Brauerei","Germany"
"Q1011070","Globus Cannery","Hungary"
"Q861973","Forst","Italy"
"Q819284","Berg Brauerei","Germany"
"Q876928","Schleppe Brauerei","Austria"
"Q811986","Bavaria – St. Pauli Brewery","German Reich"
"Q877556","Stiegl Brewery","Austria"
"Q878149","König Ludwig Schlossbrauerei","Germany"
"Q821384","Berliner-Kindl-Schultheiss brewery","Germany"
"Q821688","Berliner Pilsner","Germany"
"Q879355","Hoepfner Brewery","Germany"
"Q821688","Berliner Pilsner","German Democratic Republic"
"Q880090","Pinkus Müller","Germany"
"Q880551","Black Sheep Brewery","United Kingdom"
"Q880640","Wernesgrüner","Germany"
"Q880118","Neuzeller Kloster Brewery","German Democratic Republic"
"Q881136","Mallersdorf Abbey","Germany"
"Q881489","Scheyern Abbey","Germany"
"Q883074","Dairy in the New Garden","Germany"
"Q900195","Fuchsbeck brewery","Germany"
"Q891620","Bolten-Brauerei","Germany"
"Q877628","Eichbaum","Germany"
"Q894558","Boston Beer Company","United States"
"Q895475","Dortmunder Hansa","Germany"
"Q821466","Berliner Bürgerbräu","Germany"
"Q896042","Hagen Open-air Museum","Germany"
"Q896511","Bornstedt Crown Estate","Germany"
"Q897711","Brand brewery","Netherlands"
"Q759249","Auerbräu","Germany"
"Q899484","Brasserie d'Achouffe","Belgium"
"Q900101","Brauerei Adler","Switzerland"
"Q900251","Znojemský městský pivovar","Czech Republic"
"Q900178","Felsenau Brewery","Switzerland"
"Q899983","Brauberger brewery","Germany"
"Q900099","Aldersbach brewery","Germany"
"Q900109","Ayinger Brewery","Germany"
"Q900123","Brauerei Becker","Germany"
"Q900128","Brauerei Bosch","Germany"
"Q900137","Brauereigasthof in Leinburg","Germany"
"Q900144","Brauerei Carl Bremme","Germany"
"Q900148","Brauerei Carl Betz","Germany"
"Q900156","Brauerei Clemens Härle","Germany"
"Q900197","Brauerei Fässla","Germany"
"Q900202","Brauerei Gebrüder Jäcklein","Germany"
"Q900215","Brewery Grasser Huppendorf","Germany"
"Q900213","Brauerei Gold Ochsen","Germany"
"Q900226","Brauerei Göller","Germany"
"Q900232","Brauerei Hacklberg","Germany"
"Q900204","Maisel's","Germany"
"Q900019","Braucommune Freistadt","Austria"
"Q900163","Brauerei Egg","Austria"
"Q900242","Brauerei Hofstetten Krammer","Austria"
"Q900255","Brauerei Jos. Baumgartner","Austria"
"Q900193","Brauerei Freital","German Democratic Republic"
"Q762922","Dortmund U-Tower","Germany"
"Q855563","Rochefort","Belgium"
"Q900091","Sünner","Germany"
"Q759249","Auerbräu","German Reich"
"Q773164","Alken-Maes","Belgium"
"Q879110","Dinkelacker","Germany"
"Q900176","Brauerei Faust Miltenberg","Germany"
"Q857829","Timișoara Brewery","Romania"
"Q857934","Biermanufaktur Engel","Germany"
"Q861622","Cervecería Polar","Venezuela"
"Q863650","Binding-Brauerei","Germany"
"Q865840","Birra Moretti","Italy"
"Q865859","Peroni Brewery","Italy"
"Q866161","Bischofshof Regensburg","Germany"
"Q787066","Spaten-Franziskaner-Bräu","Germany"
"Q870325","Würzburger Hofbräu","Germany"
"Q794591","Hook Norton Brewery","United Kingdom"
"Q874166","Spatenbräu","Germany"
"Q698957","Erdinger","Germany"
"Q861679","Balashi","Aruba"
"Q900200","Eck","Germany"
"Q805254","Ballhaus Watzke","Germany"
"Q805734","Baltika Breweries","Russia"
"Q720479","Asahi Breweries","Japan"
"Q694218","Krombacher Brauerei","Germany"
"Q811986","Bavaria – St. Pauli Brewery","Germany"
"Q812294","Bavarian State Brewery Weihenstephan","Germany"
"Q812397","Brewery and Bakery Museum Kulmbach","Germany"
"Q696787","Warsteiner","Germany"
"Q778904","Stein Castle","Germany"
"Q900166","Eichhof","Switzerland"
"Q706698","Bitburger brewery","Germany"
"Q1826073","Lindener Aktien-Brauerei","Germany"
"Q1828277","Brouwerij De Molen","Netherlands"
"Q1697649","Lang-Bräu","Germany"
"Q1851509","Saku Brewery","Estonia"
"Q1856260","Tempo Beverages Ltd","Israel"
"Q1727789","Waldhaus","Germany"
"Q1867904","De Drie Hoefijzers","Netherlands"
"Q1868711","Girardin Brewery","Belgium"
"Q1875263","Brouwerij Aigle Belgica","Belgium"
"Q1879905","Löwenbräu Buttenheim","Germany"
"Q1880196","Brauerei zur Walkmühle H. Lück","Germany"
"Q1881997","Van Eecke brewery","Belgium"
"Q1887996","Mälzerei","Germany"
"Q1908775","Mathäser","Germany"
"Q1907605","Brasserie Nationale","Luxembourg"
"Q1915708","Mecklenburgische Brauerei Lübz","German Democratic Republic"
"Q1541085","Schloss Bruchhausen","Germany"
"Q1544436","Schloss Königs Wusterhausen","Germany"
"Q1879897","Löwenbrauerei","Germany"
"Q1551459","Freising Brewery","Germany"
"Q1553374","Luitpoldstraße 14","Germany"
"Q1587723","Hartwall","Finland"
"Q1565893","Kloster Dalheim","Germany"
"Q1566383","Haake-Beck","Germany"
"Q1567552","Palm Breweries","Belgium"
"Q1575609","Taybeh Brewery","Palestine"
"Q1581385","U Fleků","Czech Republic"
"Q1583704","Hanseatische Brauerei Rostock","Germany"
"Q1589080","Hatz-Moninger Brauhaus","Germany"
"Q1590327","Luitpoldstraße 3","Germany"
"Q1606900","Alpirsbacher Klosterbräu","Germany"
"Q1614112","Herrenhäuser Brewery","Germany"
"Q1614311","Herrnbräu","Germany"
"Q1615321","Herzoglich Bayerisches Brauhaus Tegernsee","Germany"
"Q1622954","Hofbrauhaus Arolsen","Germany"
"Q1622956","Hofbrauhaus Wolters","Germany"
"Q1623185","Hofmark Brauerei","Germany"
"Q1622961","Hofbräu Kaltenhausen","Austria"
"Q1632494","Huyghe Brewery","Belgium"
"Q1589080","Hatz-Moninger Brauhaus","German Reich"
"Q1637028","Mythos Beer","Greece"
"Q1649984","Klosterbräu Bamberg","Germany"
"Q1730602","Schloss Blumenthal","Germany"
"Q1663229","Ingobräu","Germany"
"Q1614311","Herrnbräu","German Reich"
"Q1673225","Klosterbräu Irsee","Germany"
"Q1673806","Brauerei W. Isenbeck & Co","Germany"
"Q1685971","Leipziger Brauhaus zu Reudnitz","Germany"
"Q1694518","Privatbrauerei Iserlohn","Germany"
"Q1709042","Brauerei Strate","Germany"
"Q1721585","Kaiser Bräu","Germany"
"Q1733221","Löwenbrauerei Passau","Germany"
"Q1742438","Kulmbacher Brewery","Germany"
"Q1743963","Kitzmann-Bräu","Germany"
"Q1745170","Schloss Kaltenberg","Germany"
"Q1748810","Macks Ølbryggeri","Norway"
"Q1882541","Brouwerij Excelsior","Belgium"
"Q1764694","Brooklyn Brewery","United States"
"Q1763150","Privatbrauerei Schwerter Meißen","Germany"
"Q1770148","Schloss Hundisburg","Germany"
"Q1775437","Kloster Kreuzberg","Germany"
"Q1776289","Kloster Wöltingerode","Germany"
"Q1776275","Weissenohe Abbey","Germany"
"Q1776382","Klosterbrauerei Andechs","Germany"
"Q1777013","Brauerei Kneitinger","Germany"
"Q1777966","Königsbacher","Germany"
"Q1788338","Meckatzer Löwenbräu","Germany"
"Q1789348","Schlossbrauerei Neunkirchen","Germany"
"Q1796123","Royal Brewery of Krušovice","Czech Republic"
"Q1795931","König Brauerei","Germany"
"Q1803875","Landskronbrauerei","Germany"
"Q1449380","Franz Wanka","Czech Republic"
"Q1450262","Kloster Reutberg","Germany"
"Q1402815","Brauerei Braunschweig","German Reich"
"Q1363430","Schloss","Germany"
"Q1453827","Freiberger Brauhaus","Germany"
"Q1402814","Feldschlösschen","Germany"
"Q1241865","Donner Bräu","Germany"
"Q1495495","Gasthaus","Germany"
"Q1232781","Elbschloss-Brauerei","German Reich"
"Q1462827","Brewery Geismann Fürth","Germany"
"Q1468190","Altmühltaler Getränke","Germany"
"Q1471250","Fränkisches Freilandmuseum","Germany"
"Q1246395","Weißbierbrauerei Willner","Germany"
"Q1483584","Fürstenberg Brewery","Germany"
"Q1248218","Brauerei Fiedler","German Democratic Republic"
"Q1487794","Schlossbrauerei Schwarzbach","Germany"
"Q1250741","Dortmunder Bergmann Brauerei","Germany"
"Q1250750","Dortmunder Gildenbrauerei","Germany"
"Q1250816","Dortmunder Union - Brauerei","Germany"
"Q1250806","Thier Brewery","Germany"
"Q1493616","Gansbräu","Germany"
"Q1495502","Gasthof Naundorf","Germany"
"Q1494298","Garley","German Democratic Republic"
"Q1502941","Borsod Brewery","Hungary"
"Q1516386","Mauritius Brauerei Zwickau","Germany"
"Q1333395","Els Quatre Gats","Spain"
"Q1517857","Friedrich Düll Brewery","Germany"
"Q1523835","Herbst Pitt","Germany"
"Q1524208","Gilde Brewery","Germany"
"Q1524226","Gilden Kölsch Brauerei","Germany"
"Q1527803","Ratsherrn Brauerei","Germany"
"Q1268467","Hofbrauhaus Berchtesgaden","Germany"
"Q1268688","Kronen","Germany"
"Q1277693","Hövels Hausbrauerei","Germany"
"Q1278616","Pfungstädter Brauerei","Germany"
"Q1283441","Edelweißbrauerei Oskar Farny","Germany"
"Q1290930","Schloss Brake","Germany"
"Q1292898","Meinel-Bräu","Germany"
"Q1299917","Central de Cervejas","Portugal"
"Q1306270","Augustiner Brewery Mülln","Austria"
"Q1309106","Einsiedler Brauhaus","Germany"
"Q1310990","Kirin Brewery Company, Limited","Japan"
"Q1309106","Einsiedler Brauhaus","German Democratic Republic"
"Q1313123","Foster's Group Limited","Australia"
"Q1322813","Warka","Poland"
"Q1325408","Elbrewery","Poland"
"Q1330500","Tui Brewery","New Zealand"
"Q1277801","Karlsburg-Brauerei","Germany"
"Q1337267","TCB Beteiligungsgesellschaft","Germany"
"Q1337812","Schmiedelfeld Castle","Germany"
"Q1338310","Pivovar Louny","Czech Republic"
"Q1342474","Van Honsebrouck Brewery","Belgium"
"Q1334431","Ringnes","Norway"
"Q1354046","Brauerei, Markt Piesting","Austria"
"Q1354245","Unionsbräu","Germany"
"Q1355176","Erl-Bräu","Germany"
"Q1360601","Privatbrauerei Moritz Fiege","Germany"
"Q1362504","Rupp-Bräu","Germany"
"Q1367156","Eschweger Klosterbrauerei","Germany"
"Q1368052","Westvleteren Brewery","Belgium"
"Q1382723","Hubertus Bräu","Austria"
"Q1226524","Dinkelacker-Schwaben Bräu","Germany"
"Q1226563","Markthalle IX","Germany"
"Q1227520","Luitpoldstraße 16","Germany"
"Q1229442","Distelhäuser Brewery","Germany"
"Q1402815","Brauerei Braunschweig","Germany"
"Q1403957","Adelsburg","Germany"
"Q1404247","Dresdner Felsenkellerbrauerei","Germany"
"Q1407305","Coors Brewing Company","United States"
"Q1220049","Diebels","Germany"
"Q1414562","Privatbrauerei Wittingen","Germany"
"Q1232781","Elbschloss-Brauerei","Germany"
"Q1422061","Labatt Brewing Company","Canada"
"Q1422369","Alexander Keith's Brewery","Canada"
"Q1417055","Meininger Privatbrauerei","German Democratic Republic"
"Q1423821","Schlossbrauerei Eichhofen","Germany"
"Q1435628","FEMSA","Mexico"
"Q1439856","Founders Organic Brewery","New Zealand"
"Q601859","Jever Brewery","Germany"
"Q358035","Adler-Brauerei Coswig","Germany"
"Q266565","Markus Wasmeier Bauernhof- und Wintersportmuseum","Germany"
"Q127305","Paulaner Brewery","Germany"
"Q204880","Licher Brewery","Germany"
"Q128270","Astika Brewery","Bulgaria"
"Q608350","Veltins Brewery","Germany"
"Q12221","Starobrno Brewery","Czech Republic"
"Q610086","Achel Brewery","Belgium"
"Q12221","Starobrno Brewery","Czechoslovakia"
"Q478119","Amstel Brewery","Netherlands"
"Q612166","Franziskaner-Brauerei","Germany"
"Q129645","Sabeco","Vietnam"
"Q75438","Żywiec Brewery","Poland"
"Q83850","Birra Stela","Albania"
"Q489187","Anchor Brewing Company","United States"
"Q618044","Apatinska Brewery","Serbia"
"Q491736","Brauerei Anderten","Germany"
"Q494166","Fischer Brewery","France"
"Q493271","East African Breweries","Kenya"
"Q10939","Brasserie Georges","France"
"Q282879","Pécs Brewery","Hungary"
"Q566990","Schlenkerla","Germany"
"Q106854","Beck's","Germany"
"Q284135","Backus and Johnston Brewery","Peru"
"Q633720","Liefmans Brewery","Belgium"
"Q180855","Heineken","Netherlands"
"Q288727","Sapporo Breweries","Japan"
"Q637645","Arcobräu","Germany"
"Q521673","Grupo Modelo","Mexico"
"Q644625","Brasil Kirin","Brazil"
"Q225900","Cardinal Brewery","Switzerland"
"Q646458","Gubernija","Lithuania"
"Q377626","Henninger Brewery","Germany"
"Q228955","Zum Grünen Baum","Germany"
"Q650340","Westvleteren Abbey","Belgium"
"Q136957","Privatbrauerei Jacob Stauder","Germany"
"Q392195","Jopen","Netherlands"
"Q479003","Oranjeboom","Netherlands"
"Q658637","Miller Brewing Company","United States"
"Q181084","Pirinsko Pivo","Bulgaria"
"Q303690","Aass Brewery","Norway"
"Q304091","Moosehead Brewery","Canada"
"Q557112","Ankerbräu Nördlingen","Germany"
"Q314054","Köstritzer","Germany"
"Q422019","Aktien-Brauerei-Gesellschaft Friedrichshöhe","Germany"
"Q422034","Aktienbrauerei Kaufbeuren","Germany"
"Q314054","Köstritzer","German Democratic Republic"
"Q145670","Hansa Brewery","Norway"
"Q244637","Zwiefalter Klosterbräu","Germany"
"Q317402","Berliner Kindl","Germany"
"Q562552","Oettinger Brewery","Germany"
"Q448720","Rothaus","Germany"
"Q323095","Einbecker Brewery","Germany"
"Q323969","Ganter Brewery","Germany"
"Q568684","Hacker-Pschorr Brewery","Germany"
"Q568797","Radeberger Brewery","Germany"
"Q436921","Altenburger Brauerei","Germany"
"Q520174","Karlsberg","Germany"
"Q439148","Altes Brauhaus (Kempten)","Germany"
"Q439162","Altes Brauhaus Rietkötter","Germany"
"Q439166","Altes Brauhaus zu Fallersleben","Germany"
"Q422034","Aktienbrauerei Kaufbeuren","German Reich"
"Q328194","Brasserie Météor","France"
"Q317402","Berliner Kindl","German Reich"
"Q313542","Tsingtao Brewery","People's Republic of China"
"Q334066","Neuburg Abbey","Germany"
"Q256392","Löwenbräu Brewery","Germany"
"Q151205","Heinrich Reissdorf","Germany"
"Q387897","Duvel Moortgat Brewery","Belgium"
"Q151474","Brauerei Königshof","Germany"
"Q151607","Gaffel Becker & Co","Germany"
"Q113215","Carlsberg Group","Denmark"
"Q257229","Föroya Bjór","Faroe Islands"
"Q340194","Nøgne Ø","Norway"
"Q455794","Eldena Abbey","Germany"
"Q278905","A. Le Coq","Estonia"
"Q152161","Ketschenburg-Brauerei","Germany"
"Q259865","Unibroue","Canada"
"Q152198","Päffgen Kölsch","Germany"
"Q260108","Weltenburg Abbey","Germany"
"Q343264","Actien-Brauerei Homburg v. d. Höhe","Germany"
"Q343261","Reisewitz brewery","Germany"
"Q458609","Dortmunder Actien Brauerei","Germany"
"Q153075","Grolsch","Netherlands"
"Q460206","Holsten Brewery","Germany"
"Q153546","Augustiner Bräu","Germany"
"Q153852","Cölner Hofbräu Früh","Germany"
"Q12045435","Brewery Střítež","Czech Republic"
"Q12045458","Brewery in Kostelec nad Černými lesy","Czech Republic"
"Q12045453","Černá Hora Brewery","Czech Republic"
"Q12045427","Pivovar Radegast","Czech Republic"
"Q12045433","Pivovar Strakonice","Czech Republic"
"Q12045438","Pivovar Uherský Brod","Czech Republic"
"Q12045446","Pivovar Vyškov","Czech Republic"
"Q12045444","Pivovar Vysoký Chlumec","Czech Republic"
"Q12045455","Pivovar Žatec","Czech Republic"
"Q12045462","Pivovary Staropramen","Czech Republic"
"Q12045442","Velké Popovice Brewery","Czech Republic"
"Q12045445","Vrchlabí brewery","Czech Republic"
"Q12061436","Magic Hat Brewing Company","United States"
"Q12059978","Het Scheepje","Netherlands"
"Q12084926","Mikulinetsky Brovar","Ukraine"
"Q12134581","Nizhyn Brewery","Ukraine"
"Q13376839","Schlossbrauerei Ellingen","Germany"
"Q12300926","Aldersro Bryggeri","Denmark"
"Q12304484","Bryggeriet Alliance","Denmark"
"Q12304489","Bryggeriet Ravnsborg","Denmark"
"Q12304496","Bryggeriet Vendia","Denmark"
"Q12304532","Brøckhouse Brewery","Denmark"
"Q12304491","Refsvindinge Bryggeri","Denmark"
"Q12304498","Rahbeks Allé Brewery","Denmark"
"Q13445074","Caulier brewery","Belgium"
"Q13445075","Silenrieux brewery","Belgium"
"Q13445530","Brouwerij 't Paenhuys","Belgium"
"Q13445529","Brouwerij 't Gaverhopke","Belgium"
"Q13445537","Brouwerij Cnudde","Belgium"
"Q13445541","Brouwerij De Glazen Toren","Belgium"
"Q13445545","Brouwerij De Klok, Zottegem","Belgium"
"Q13445552","Brouwerij De Leeuw","Belgium"
"Q13445556","Brouwerij De Schelde","Belgium"
"Q13445557","Brouwerij De Schepper","Belgium"
"Q12305436","Carlsberg Danmark","Denmark"
"Q12314177","GourmetBryggeriet","Denmark"
"Q12315140","Hancock Bryggerierne","Denmark"
"Q12326217","Marstrands Bryggerier","Denmark"
"Q12329376","Ny Bryghus","Denmark"
"Q12329900","Odin Brewery","Denmark"
"Q12342024","Ørbæk Bryggeri","Denmark"
"Q12337287","Stjernen","Denmark"
"Q12084926","Mikulinetsky Brovar","Austria–Hungary"
"Q12675746","Utenos Alus","Lithuania"
"Q12678128","Volfas Engelman","Lithuania"
"Q12680342","Švyturys","Lithuania"
"Q12728035","Fabrica de Bere, Luther","Romania"
"Q13439309","Lindeboom","Netherlands"
"Q12877510","Macedonian Thrace Brewery","Greece"
"Q12282497","Kamenitza","Bulgaria"
"Q14622653","Saint-Feuillien beer","Belgium"
"Q14627972","Brasserie Schutzenberger","France"
"Q14627942","Mützig","France"
"Q14688958","Dubuque Star Brewery","United States"
"Q14713879","Redhook Ale Brewery","United States"
"Q14714485","Jacob Leinenkugel Brewing Company","United States"
"Q14744170","Stoombierbrouwerij De Keyzer","Netherlands"
"Q14849587","Brouwerij De Geest","Belgium"
"Q14875361","Northern Breweries","Canada"
"Q14875438","Steam Whistle Brewing","Canada"
"Q14906472","Paqué brewery, St. Wendel","Germany"
"Q14947900","Lenzei","Germany"
"Q15109862","Craft Brew Alliance","United States"
"Q15107943","Brauerei Alsfeld","Germany"
"Q15156880","Brasserie Ellezelloise","Belgium"
"Q15304359","Asia Pacific Breweries",""
"Q15217915","Flounder Brewing","United States"
"Q15218363","Franconia Brewing Company","United States"
"Q15218376","Frankenmuth Brewery","United States"
"Q15255982","Moorhouse's","United Kingdom"
"Q15269165","Pivovar Cvikov","Czech Republic"
"Q13445566","Brouwerij Het Kasteel","Belgium"
"Q13445567","Brouwerij Het Sleutelken","Belgium"
"Q13445575","Brouwerij Ressen","Belgium"
"Q13445572","Brouwerij Meiresonne","Belgium"
"Q13445573","Brouwerij Neyt","Belgium"
"Q13445578","Brouwerij Roegiers","Belgium"
"Q13445576","Brouwerij Desplenter","Belgium"
"Q13445582","Brouwerij Sint-Arnoldus","Belgium"
"Q13445583","Brouwerij Vermeulen","Belgium"
"Q13445585","Brouwerij Thienpont","Belgium"
"Q13445590","Brouwerij Van Overstraeten","Belgium"
"Q13445588","Brouwerij Ultra","Belgium"
"Q13445589","Brouwerij Van Cauwenberghe","Belgium"
"Q13445592","Brouwerij Vondel","Belgium"
"Q15427479","Zur Stadt Hamburg","Germany"
"Q15427562","Zum Schwarzen Adler","Germany"
"Q15428352","Spezial-Brauerei Schierling","Germany"
"Q13569403","Brouwerij Sint-Arnoldus","Belgium"
"Q13492587","Brouwerij Moens","Belgium"
"Q13492598","Brouwerij Verschueren","Belgium"
"Q13492603","Brouwerij Verstraeten","Belgium"
"Q15545089","Evil Twin Brewing","United States"
"Q13516749","Henry Weinhard's","United States"
"Q13569393","Brouwerij De Vijf Helmen","Belgium"
"Q13569396","Brouwerij De Vuyst","Belgium"
"Q13569400","Brouwerij Den Engel","Belgium"
"Q13569404","Brouwerij Sint-Pieter","Belgium"
"Q13569410","Brouwerij Vita","Belgium"
"Q13569411","Brouwerij Vooruit","Belgium"
"Q13569408","Brouwerij Vertongen","Belgium"
"Q13569412","Brouwerij Wagon","Belgium"
"Q13573965","Dommelsch Brewery","Netherlands"
"Q13585803","Hebridean Brewing Company","United Kingdom"
"Q15618229","Castle Brewery Frýdlant","Czech Republic"
"Q15789692","Brauerei Bayerischer Hof","Germany"
"Q15730745","Marktplatz 5 (Weißenburg in Bayern)","Germany"
"Q13729028","Huisbrouwerij Den Tseut","Belgium"
"Q15787245","Bayerische Brauerei Kaiserslautern","Germany"
"Q15789697","Hackert Brewery","Germany"
"Q13845077","Kinn Bryggeri","Norway"
"Q15789692","Brauerei Bayerischer Hof","German Reich"
"Q13861230","Haandbryggeriet","Norway"
"Q15787245","Bayerische Brauerei Kaiserslautern","German Reich"
"Q14532175","Eisenacher Brauerei","Germany"
"Q14540983","Auerhahn Brauerei","Germany"
"Q14541100","Quellen-Brauerei","Germany"
"Q14545625","Gasthaus Goldene Harfe (Erlangen)","Germany"
"Q14685020","New Belgium Brewing Company","United States"
"Q2239073","Hertog Jan","Netherlands"
"Q2241466","Schloss Haus","Germany"
"Q1942919","Mohren-Brewery","Austria"
"Q1965945","Nassauische Privatbrauerei","Germany"
"Q1967378","Lefebvre brewery","Belgium"
"Q1970693","Mikkeller","Denmark"
"Q1964257","Namibia Breweries Limited","Namibia"
"Q1981667","Brewmeister Brewery","United Kingdom"
"Q1980462","Neufang Kulturfabrik","Germany"
"Q1980896","Neumarkter Lammsbräu","Germany"
"Q1984997","Budelse Brouwerij","Netherlands"
"Q1987425","De Struise brewers","Belgium"
"Q1991863","Texelse Bierbrouwerij","Netherlands"
"Q1999697","Brauerei Albert Egger","Switzerland"
"Q2005819","Nussdorfer Bierbrauerei","Austria"
"Q2018665","Brouwerij Boelens","Belgium"
"Q2021756","Brouwerij De Geyter","Belgium"
"Q2029392","Brouwerij Tielemans","Belgium"
"Q2034455","Osnabrücker Aktien Brauerei","Germany"
"Q2034445","Slot Ostende","Netherlands"
"Q2037266","Huisbrouwerij Sint Canarus","Belgium"
"Q2048171","Palmbräu","Germany"
"Q2068870","Brasserie des Légendes","Belgium"
"Q2072541","Royal Swinkels","Netherlands"
"Q2080347","Brouwerij Jack-Op","Belgium"
"Q2081393","CRAFT","Netherlands"
"Q2084311","Pflugbrauerei Hörvelsingen","Germany"
"Q2097895","Brouwerij Egmond","Netherlands"
"Q2098621","Brouwerij Walrave","Belgium"
"Q2099630","Birra Ichnusa","Italy"
"Q2104945","Brasserie Caracole","Belgium"
"Q2106627","Pott's Brauerei","Germany"
"Q2111040","Braumanufaktur Härke","Germany"
"Q2111045","Ernst Barre Private Brewery","Germany"
"Q2110996","Privatbrauerei Schmucker","Germany"
"Q2111033","Privatbrauerei Eibau","Germany"
"Q2111039","Privatbrauerei Hofmann","Germany"
"Q2111037","Privatbrauerei Gebr. Mayer","Germany"
"Q2111049","Privatbrauerei Specht","German Democratic Republic"
"Q2111099","Private Traditionsbrauerei Meyer","German Democratic Republic"
"Q2117061","De Dolle Brouwers","Belgium"
"Q2120918","Püls-Bräu","Germany"
"Q2125485","Radeberger Group","Germany"
"Q2128955","Faxe Brewery","Denmark"
"Q2152135","Riegeler Brauerei","Germany"
"Q2156377","La Binchoise","Belgium"
"Q2164364","Brouwerij Omer Vander Ghinste","Belgium"
"Q2167041","Rosenbrauerei","Germany"
"Q2168868","Rotochsenbrauerei","Germany"
"Q2169487","Museumbrouwerij de Roos","Netherlands"
"Q2174901","Rugenbräu","Switzerland"
"Q2174139","Brouwerij Wilderen","Belgium"
"Q2185912","Brasserie des Rocs","Belgium"
"Q2195318","Brouwerij Rubbens","Belgium"
"Q2196984","Brasserie de la Senne","Belgium"
"Q2110734","Maximus Brouwerij","Netherlands"
"Q2206530","Piedboeuf Brewery","Belgium"
"Q2207286","Urthel brewery","Belgium"
"Q2208517","Brouwerij De 7 Deugden","Netherlands"
"Q2210147","Brewery Domus","Belgium"
"Q2215264","Zuid-Hollandsche Bierbrouwerij","Netherlands"
"Q2233541","Scherdel Bier","Germany"
"Q2238648","Schlegel-Scharpenseel-Brauerei","Germany"
"Q2240106","Schloss Au","Germany"
"Q2243672","Schloss Söldenau","Germany"
"Q2244449","Schlossbrauerei Herrngiersdorf","Germany"
"Q2244456","Schlossbrauerei Hirschau","Germany"
"Q2244899","Schlossbrauerei Reuth","Germany"
"Q2244896","Schlossbrauerei Rheder","Germany"
"Q2250646","Gasthaus zur Sonne, Böckingen","Germany"
"Q2249745","De Boog, Utrecht","Netherlands"
"Q2252562","Schwaben Bräu","Germany"
"Q2258318","Schäffler Bräu","Germany"
"Q48967101","Mother Earth Brewing Company","United States"
"Q48976540","Minhas Craft Brewery","United States"
"Q41291052","Brauerei","Germany"
"Q41301207","Brauerei","Germany"
"Q41321542","Brauerei","Germany"
"Q41322256","Brauerei","Germany"
"Q41323000","Brauerei","Germany"
"Q41323546","Brauerei","Germany"
"Q41351988","Brauerei","Germany"
"Q41352057","Brauerei","Germany"
"Q41352480","Brauerei","Germany"
"Q41365650","Brauerei","Germany"
"Q52376920","Pivovar Falkenštejn","Czech Republic"
"Q38655186","Kaltenecker Brewery","Slovakia"
"Q42417494","former brewery Van Dooren","Belgium"
"Q49413694","Untere Dorfstraße 34","Germany"
"Q49444657","Löwenbrauerei Dahlen","Germany"
"Q49444971","Krostitzer Brauerei","Germany"
"Q41377907","Löwenbrauerei","Germany"
"Q46123560","Klub Starý pivovar","Czech Republic"
"Q49546398","Vovkovyi Brewery","Ukraine"
"Q42632144","Zipf-Bräu","Germany"
"Q39049393","Abner-Drury Brewery","United States"
"Q39049334","Metropolitan Lager Bier Brewery","United States"
"Q39053843","XT Brewing Co.","United Kingdom"
"Q39058224","Big Wood Brewery","United States"
"Q39087127","National Capital Brewing Company","United States"
"Q42773329","Bergquell-Brauerei Löbau","Germany"
"Q49961254","Brouwerij R. Van Roy & Cie NV","Belgium"
"Q49968731","Brouwerij Naus Oudenaarde","Belgium"
"Q43146509","Orval Brewery","Belgium"
"Q43379472","Hot Springs Hotel and Brewery","United States"
"Q37884122","Altes Brauhaus","Austria"
"Q41366408","Brewery","Germany"
"Q47188494","Oude Brouwerij van Viersel","Belgium"
"Q37347386","Svalbard Bryggeri","Norway"
"Q54339464","Sternburg brewery","Germany"
"Q54180670","Pivovar Prior","Czech Republic"
"Q39049398","Schnell Brewery",""
"Q39087128","Wales Brewery",""
"Q41377905","Brauerei Hauptstraße 219","Germany"
"Q47472595","Small Beer Brew Co.","United Kingdom"
"Q50827943","Garage Project","New Zealand"
"Q54380026","Brauerei Neunspringe Worbis","Germany"
"Q48977218","Funky Buddha Brewery",""
"Q51069194","Jim and Dad's Brewing Company","Taiwan"
"Q54958146","Jackie O's Pub & Brewery",""
"Q54826172","Schlossbrauerei Maxlrain","Germany"
"Q54967316","Pivovar Clock","Czech Republic"
"Q35200069","Brouwerij Mommeriete","Netherlands"
"Q51444951","Avondale Brewing Company","United States"
"Q41245933","Brauerei Herzog-Ludwig-Straße 5, Herzog-Ludwig-Straße 1 in Markt Schwaben","Germany"
"Q55075617","Schorschbräu","Germany"
"Q41352020","Bierbrauerei","Germany"
"Q41371661","Kellergasse 1+3","Germany"
"Q45023445","Lindheim Ølkompani","Norway"
"Q41389497","Former brewery Polster","Germany"
"Q41391214","Ehemaliges Brauerei- und Metzgeranwesen in Lauf an der Pegnitz","Germany"
"Q44008173","Molson Brewery","Canada"
"Q41494904","Sugar Loaf Brewery","United States"
"Q41535562","Sarah Hughes Brewery","United Kingdom"
"Q55372351","Brewery Bavaria","Netherlands"
"Q51883310","Cervecería y Maltería Quilmes","Argentina"
"Q38027599","Bayrhamerplatz 10, Hallein","Austria"
"Q41664980","Brauerei Wülfel","Germany"
"Q41535562","Sarah Hughes Brewery","United Kingdom of Great Britain and Ireland"
"Q48739985","Aarschotse Stadsbrouwerij","Belgium"
"Q38101018","Dietrichsbach Wachtelhütte","Austria"
"Q48770758","Cool Beer Brewing Company","Canada"
"Q41759163","Resch's Ltd","Australia"
"Q48790891","Collective Arts Brewing","Canada"
"Q48808361","Hindmarsh Brewery","Australia"
"Q48816560","Pirie Street Brewery","Australia"
"Q52060253","Altenauer Brauerei","Germany"
"Q55605114","Beavertown Brewery","United Kingdom"
"Q55605458","Billson's Brewery","Australia"
"Q38266973","Tagohinke Brewery Products","Japan"
"Q55606946","Champion breweries","Nigeria"
"Q29468890","Great South Bay Brewery","United States"
"Q32662271","Groterjan-Brauerei","Germany"
"Q31187693","Bomonti Brewing Company","Turkey"
"Q29870161","Cotswold Brewing Co.","United Kingdom"
"Q33046790","Heineken Česká republika","Czech Republic"
"Q33076534","Kobushi-hana Beer","Japan"
"Q33076659","Outsider Brewing","Japan"
"Q33100210","de Bottelarij","Belgium"
"Q33100215","L'Impérial, Ilot Bosch","Belgium"
"Q30752608","Brasserie Boswell","Canada"
"Q30016622","Rügener Insel Brauerei","Germany"
"Q30091648","Ludwik Anstadt brewery","Poland"
"Q30593204","John Hair and Son","United Kingdom"
"Q30625437","Ore Dock Brewing Company","United States"
"Q30626218","Brew Detroit","United States"
"Q30627541","Brewery in Słupsk","Poland"
"Q30635669","Gasthof Herold","Germany"
"Q28403571","Tudor Brewery",""
"Q30686754","Fremlin's Brewery","United Kingdom"
"Q30693977","Asheville Brewing Company","United States"
"Q29641830","Kinkaider Brewing Company",""
"Q30239145","Bronckhorster Brewing Company",""
"Q30594608","Trillium Brewing Company",""
"Q30694578","Peabody Heights Brewery",""
"Q30854229","Schrems brewery","Austria"
"Q30854273","Poschacher brewery","Austria"
"Q30922864","Kure Beer","Japan"
"Q30922912","Loco Beer","Japan"
"Q30923723","Kinshachi Beer","Japan"
"Q30932951","Johana Beer","Japan"
"Q28229285","Southern Tier Brewing Company","United States"
"Q31080293","SanTan Brewing Company","United States"
"Q31091303","HopTop Brewery","Hungary"
"Q28373722","Neshaminy Creek Brewing Company","United States"
"Q28401783","Breckenridge Brewery","United States"
"Q31202495","Daisen G Beer","Japan"
"Q31202493","Hideji Beer","Japan"
"Q31202491","Inawashiro Beer","Japan"
"Q31202498","Mugi Zakkoku Kobo Micro Brewery","Japan"
"Q31202717","Chroa","Japan"
"Q31202474","T.Y.HARBOR  Brewery","Japan"
"Q31202468","Ushi Tora Brewery","Japan"
"Q31202744","Doppo Beer","Japan"
"Q31202720","Helios Brewery","Japan"
"Q31202724","Kisoji Beer","Japan"
"Q31202726","Naruko no kaze","Japan"
"Q31202752","Ogose Brewery","Japan"
"Q31202710","Tainaikogen Beer","Japan"
"Q31202731","Tokorozawa Beer","Japan"
"Q31202728","Yakurai Beer","Japan"
"Q31202738","Yamaguchi Beer","Japan"
"Q31202786","Tono Beer Zumona","Japan"
"Q31203501","Michinoku Fukushima Beer","Japan"
"Q31203682","DevilCraft Tokyo Brewery","Japan"
"Q31203580","OH!LA!HO Beer","Japan"
"Q31203828","Tazawako Beer","Japan"
"Q31204072","Romantic Village Craft Brewery","Japan"
"Q31204003","Utsunomiya Brewery","Japan"
"Q31208378","Ise Kadoya Brewery","Japan"
"Q31208444","Kuninocho Beer","Japan"
"Q31208491","Iwate Kura Beer","Japan"
"Q31209308","Matsue Beer Hearn","Japan"
"Q31224781","Minamishinsyu Beer","Japan"
"Q31225308","Shiga Kogen Beer","Japan"
"Q31225884","North Island Beer","Japan"
"Q31226511","Hikawa Brewery","Japan"
"Q31227736","Kyoto Brewing","Japan"
"Q31228366","Kizakura Kyoto Beer","Japan"
"Q31229222","Y.MARKET BREWING","Japan"
"Q31230110","Kirishima Beer","Japan"
"Q28448206","Latitude 42 Brewing Company","United States"
"Q31238355","Swan Lake Beer","Japan"
"Q31238828","Shiroyama Brewery","Japan"
"Q31239370","Virgo Beer","Japan"
"Q31240778","10ants Brewing","Japan"
"Q28455369","OpenRoad Brewery","United States"
"Q28456572","De Garde Brewing","United States"
"Q31279090","Sennan Craft Beer","Japan"
"Q31284353","Chateau Kamiya Ushiku Brewery","Japan"
"Q31285023","Aqula Beer","Japan"
"Q28565226","Brouwerij Verkest","Belgium"
"Q28748097","Hasen-Bräu","Germany"
"Q28949044","Loď Pivovar","Czech Republic"
"Q28961328","Hamer's Brewery, Turton","United Kingdom"
"Q28971927","Parallel 49 Brewing Company","Canada"
"Q28748097","Hasen-Bräu","German Reich"
"Q29168971","Nashe pivo","Russia"
"Q16736198","The Rare Barrel","United States"
"Q16965815","Calvert & Co","Kingdom of Great Britain"
"Q16764792","Brasserie Simon","Luxembourg"
"Q16774456","Ballsaal Lindengarten","Germany"
"Q16825386","Argus Brewery","United States"
"Q16835850","Downton Brewery","United Kingdom"
"Q16837434","Fort George Brewery","United States"
"Q16830904","Colbitzer Heide-Brauerei","Germany"
"Q16840095","Gilgamesh Brewing","United States"
"Q16842402","Hendon Brewery","United Kingdom"
"Q16896508","Peacock Brewery","United States"
"Q16900405","Springfield Brewing Company","United States"
"Q16901963","Triaca Company","United States"
"Q16899043","Queensland Brewery Ltd","Australia"
"Q16916607","Stadtbrauerei Spalt","Germany"
"Q16929854","Fredrikstad Bryggeri","Norway"
"Q16932183","South Australian Brewing Company","Australia"
"Q16950760","Bayou Teche Brewery","United States"
"Q16951719","Sun King Brewing","United States"
"Q16956070","Castle Eden Brewery","United Kingdom"
"Q16958094","Ninkasi Brewing Company","United States"
"Q16985637","Titanic Brewery","United Kingdom"
"Q16978099","Macardle Moore Brewery","Ireland"
"Q16979285","Klondike brewery","Canada"
"Q16991890","Dock Street Brewing Company","United States"
"Q16993681","Fort Collins Brewery","United States"
"Q16993688","Fort Pitt Brewing Company","United States"
"Q16993006","Goachers Brewery","United Kingdom"
"Q16994489","Greenbush Brewing Company","United States"
"Q16982569","Great Lakes Brewery","Canada"
"Q16994302","Horse Shoe Brewery","United Kingdom"
"Q16994360","Houston Brewing Company","United Kingdom"
"Q16995444","Hilliard's Beer","United States"
"Q15855826","Zum Engel","Germany"
"Q15917436","Fóti Craft Brewery",""
"Q16069319","Baltika-Baku",""
"Q16985221","Brewers of Burton",""
"Q15792923","Maierbräu","Germany"
"Q15793219","Bürgerliches Brauhaus Saalfeld","Germany"
"Q15809498","Pivovar Ferdinand","Czech Republic"
"Q15841013","Privatbrauerei Friedrich Haaß","Germany"
"Q15855822","Zukunft am Ostkreuz","Germany"
"Q15873507","Brasserie Inter-Pol","Belgium"
"Q15873508","Brasserie Jean Tout Seul","Belgium"
"Q15873555","Brouwerij Van den Bussche","Belgium"
"Q15873556","Brewery Wielemans-Ceuppens","Belgium"
"Q15873553","Van Goethem","Belgium"
"Q15880777","Pivovar Ostravar","Czech Republic"
"Q15966937","York Brewery","United Kingdom"
"Q15991801","Brouwerij Marckensteijn","Netherlands"
"Q16010125","Affligem Brewery","Belgium"
"Q16071049","Brasserie des Alliés","Belgium"
"Q16129494","Shapiro beer","Israel"
"Q16251664","Great Raft Brewing","United States"
"Q16247031","Cameron's Brewing Company","Canada"
"Q16323379","De 5 Gaarde","Denmark"
"Q16323699","H.I. Bies Bryggeri","Denmark"
"Q16323887","Kongens Bryghus","Denmark"
"Q16350366","Agrofirma Tērvete","Latvia"
"Q16329060","Mamos Beer","Greece"
"Q16445927","Biržų Alus","Lithuania"
"Q16965815","Calvert & Co","United Kingdom of Great Britain and Ireland"
"Q16481513","Yerevan Brewery","Armenia"
"Q16507245","Brasserie des Géants","Belgium"
"Q16533948","Brasserie La Rouget de Lisle","France"
"Q16533931","Dawes Brewery","Canada"
"Q16533934","Ekers Brewery","Canada"
"Q16533739","Browar w Nowej Rudzie","Poland"
"Q16629552","Docteur Gab's","Switzerland"
"Q55637339","Walkerville Brewery","Australia"
"Q55738317","Holsten-Brauerei Kiel","Germany"
"Q55756515","Schultheiss-Brauerei","Germany"
"Q55840593","Brasserie du Lizon","France"
"Q56012563","Waldschlösschen brewery","Latvia"
"Q65718538","Wildbräu Grafing v. München","Germany"
"Q59660455","Říčanský pivovar","Czech Republic"
"Q61578062","Brauhof Wiener Neustadt","Austria–Hungary"
"Q62890060","Wolferstetter Brauerei","Germany"
"Q56279919","Santorini Brewing Company","Greece"
"Q63102380","Brauerei Zur Eiche (Kiel)","Germany"
"Q63118322","Harbour Brewing Company","United Kingdom"
"Q63118387","Keltek Brewery","United Kingdom"
"Q63115118","Brauerei Schladming","Austria"
"Q60044674","Alvarado Street Brewery","United States"
"Q63147807","Wellington Street Brewery","Canada"
"Q66193233","Pürner Brewery","Germany"
"Q63226381","Graf Arco Brauerei","Germany"
"Q63283971","Schultheiß-Patzenhofer-Brauerei","Germany"
"Q56747448","Yorkshire Brewery building","Australia"
"Q56752734","Victoria Brewery building","Australia"
"Q63350778","Den Grooten en Den Cleynen Cruywaeghen (Leuven)","Belgium"
"Q56753484","Braumanufaktur Potsdam","Germany"
"Q60333658","pFriem Family Brewers","United States"
"Q56787632","Klosterbrauerei Reutberg","Germany"
"Q56839720","Globe","United Kingdom"
"Q60433787","6 Pack Beer","Israel"
"Q63484685","Burnside Brewing Company","United States"
"Q60740072","Carton Brewing","United States"
"Q66761536","Brauerei C. W. Naumann","Germany"
"Q60746559","Rhinegeist","United States"
"Q60746802","Iron Hill Brewery & Restaurant","United States"
"Q60760156","Paterson Consolidated Brewing Company","United States"
"Q60762491","SingleCut Beersmiths","United States"
"Q60770548","Tree House Brewing Company","United States"
"Q60775028","Kane Brewing","United States"
"Q60776324","PFriem Family Brewers","United States"
"Q66825494","Podklášterní Pivovar Trebíč","Czech Republic"
"Q60785228","Washington Brewery Company","United States"
"Q60792365","A. Gettelman Brewing Company","United States"
"Q60791658","Pirate Life Brewing","Australia"
"Q60776414","White Rhino","India"
"Q60849584","Brewery-mill of the Floreffe Abbey","Belgium"
"Q56273180","Anheuser-Busch Brewery","United States"
"Q64025756","Kips Bay Brewing Company","United States"
"Q67167849","Cervejaria Paulista","Brazil"
"Q61126718","Golan Brewery","Israel"
"Q60741039","Slow Boat Brewery","People's Republic of China"
"Q61453595","Schultheiss-Brewery","Germany"
"Q61501534","Cuauhtemoc Brewery","Mexico"
"Q60775029","River Horse Brewery",""
"Q61578062","Brauhof Wiener Neustadt","Austria"
"Q61636990","Grihète","France"
"Q58280022","Pivovar Rohozec","Czech Republic"
"Q65056433","Peticolas Brewing Company",""
"Q65076151","Independent Milwaukee Brewery",""
"Q65090617","Nashville Brewing Company",""
"Q61659675","Overtime Brewing Company","United States"
"Q64739319","Privatbrauerei H. Egerer","Germany"
"Q61698778","Uiltje Brewing Company","Netherlands"
"Q58582683","Hirsch-Brauerei Honer","Germany"
"Q65045143","Barrel Theory Beer Company","United States"
"Q66123694","La Voie Maltée","Canada"
"Q65075328","Calicraft","United States"
"Q65076220","Belching Beaver","United States"
"Q65076321","Cream City Brewing Company","United States"
"Q65093792","Santa Maria Brewing Co.","United States"
"Q65118948","Curious Brewing","United Kingdom"
"Q65121069","To Øl","Denmark"
"Q55615862","KettleHouse Brewing Company","United States"
"Q55615830","Kent Town Brewery","Australia"
"Q55623793","Morphett Street Brewery","Australia"
"Q55627422","Old Goulburn Brewery","Australia"
"Q55612766","Golden Guinea Breweries","Nigeria"
"Q55634014","Steward & Patteson","United Kingdom"
"Q55637150","Virginia Brewery","United States"
"Q2314890","Brasserie des Fagnes","Belgium"
"Q2318550","St. Georgen-Bräu","Germany"
"Q2319266","Guinness Brewery","Ireland"
"Q2319855","Brouwerij De Wever","Belgium"
"Q2327521","Brasserie Saint-Monon","Belgium"
"Q2334658","brewery of Bellevaux","Belgium"
"Q2343736","Bierbrouwerij ""Keizer Barbarossa""","Netherlands"
"Q2345928","Sternquell Brauerei Plauen","Germany"
"Q2346140","Phoenix Bierbrouwerij","Netherlands"
"Q2348768","'t Hofbrouwerijke","Belgium"
"Q2348733","Stiftsbrauerei Schlägl","Austria"
"Q2350495","Smisje Brewery","Belgium"
"Q2357033","Brouwerij Sterkens","Belgium"
"Q2359534","Stuttgarter Hofbräu","Germany"
"Q2360702","Störtebeker Braumanufaktur","Germany"
"Q2363268","Sudhaus der Kindl-Brauerei","Germany"
"Q2369075","Rodenbach Brewery","Belgium"
"Q2394676","Odenveltlaan 2, Vleuten","Netherlands"
"Q2398339","Fantôme Brewery","Belgium"
"Q2421215","Dupont brewery","Belgium"
"Q2424921","Brasserie de Silly","Belgium"
"Q2426375","Coopers Brewery","Australia"
"Q2435429","house Paveestraße 12","Belgium"
"Q2441655","Brouwerij Crombé","Belgium"
"Q2448461","Laško Brewery","Slovenia"
"Q2450916","Trebjesa brewery","Montenegro"
"Q2449451","Brewery Schelde","Belgium"
"Q2449451","Brewery Schelde","Netherlands"
"Q2450757","Val-Dieu","Belgium"
"Q2457956","De Hemel city brewery","Netherlands"
"Q2459061","Tucher Brewery","Germany"
"Q2469010","Cinema De Keizer","Belgium"
"Q2470761","Brouwerij Slaghmuylder","Belgium"
"Q2473159","Het Anker Brewery","Belgium"
"Q2473404","Brouwerij Dilewyns","Belgium"
"Q2473656","Uerige","Germany"
"Q2476595","Brouwerij Zeeberg","Belgium"
"Q2479885","Brouwerij De Krans","Netherlands"
"Q2496042","Brouwerij Den Hopperd","Belgium"
"Q2502659","Ustersbacher","Germany"
"Q2497996","St. Bernardus Brewery","Belgium"
"Q2509884","Van Steenberghe brewery","Belgium"
"Q2515161","Vereinsbrauerei Apolda","Germany"
"Q2517622","Bierbrouwerij National","Netherlands"
"Q2519758","Huize Karelstein","Netherlands"
"Q2515161","Vereinsbrauerei Apolda","German Democratic Republic"
"Q2523485","Brouwerij Artois","Belgium"
"Q2524474","Viktoria-Quartier","Germany"
"Q2520981","Liechtensteiner Brauhaus","Liechtenstein"
"Q2464855","De Leeuw","Netherlands"
"Q2459061","Tucher Brewery","German Reich"
"Q2534191","Vormann Brauerei","Germany"
"Q2538673","Alfa Brewery","Netherlands"
"Q2540801","Waitzinger Bräu","Germany"
"Q2541853","Waldschlößchen brewery","Germany"
"Q2542026","Waldwirtschaft Großhesselohe","Germany"
"Q2546411","Brouwerij Krüger","Belgium"
"Q2546715","Brewery La Frasnoise","Belgium"
"Q2549978","Martinas brewery","Belgium"
"Q2332857","Starkenberger","Austria"
"Q2320696","Brouwerij De Brabandere","Belgium"
"Q2343962","Haacht","Belgium"
"Q2260033","Brauerei Schützengarten","Switzerland"
"Q2259011","Brasserie à vapeur","Belgium"
"Q2259081","Birra Raffo","Italy"
"Q2258867","Schönbuch Braumanufaktur","Germany"
"Q2259010","Schöneberger Schlossbrauerei","Germany"
"Q2268609","Kerkom brewery","Belgium"
"Q2275399","Vestekerk","Netherlands"
"Q2289193","Sierra Nevada Brewing Company","United States"
"Q2291152","Brewery Verhaeghe","Belgium"
"Q2301868","Sonnenbräu","Switzerland"
"Q2308687","Speight's","New Zealand"
"Q123330857","Rutchenkovo brewery plant",""
"Q122497090","Palacio Sudamerica","Uruguay"
"Q119150204","Libeň Brewery","Czech Republic"
"Q122731923","Milkhouse Brewery at Stillpoint Farm","United States"
"Q119267509","Former brewery in Kbely","Czech Republic"
"Q119267391","Vysočany Brewery","Czech Republic"
"Q119267860","Pragovar Brewery","Czech Republic"
"Q119353274","Brewery in Petrovice (Prague)","Czech Republic"
"Q122835786","Haggenmacher Beer Factories Co., Budafok","Hungary"
"Q122840198","Dreher Breweries - former Haggenmacher Brewery site","Hungary"
"Q119397323","Castle brewery in Dolní Počernice","Czech Republic"
"Q122880128","Brasserie-malterie_Campion_d'Arleux","France"
"Q122878791","Franciscan Well","Ireland"
"Q122860534","Sierra Andina","Peru"
"Q122965162","Bristol Brewery Georges' & Co. Ltd.","United Kingdom"
"Q119518021","Uhříněves Brewery","Czech Republic"
"Q122970477","Stadsbrouwerij","Netherlands"
"Q122980487","Cheeky Monkey Brewing Company, Wilyabrup","Australia"
"Q123007573","Lion Brewery, Khyber Pass Road","New Zealand"
"Q124528577","Bach'sche Brauerei","Germany"
"Q123133196","Brasserie C","Belgium"
"Q123196860","Adambräu","Austria"
"Q123410197","Aistear Brewery","United States"
"Q123478555","New Belgium Brewing Company","United States"
"Q123469240","Brouwerij Kees","Netherlands"
"Q120267386","Fjordfolk Mikrobryggeri","Norway"
"Q123684013","Crooked Goat Brewing","United States"
"Q123734638","BRŁO","Germany"
"Q123759630","vandeStreek","Netherlands"
"Q123812083","Brewery  Riebeck","Germany"
"Q123965471","Two Chefs Brewing","Netherlands"
"Q124252069","Lowlander","Netherlands"
"Q120801063","KOLK Brewery","Estonia"
"Q120871109","Pivovar Zichovec","Czech Republic"
"Q124295611","Tall Guy Brewing","United States"
"Q124310159","Stadsbrouwerij Maastricht","Netherlands"
"Q124361334","manor brewery in Kunštát","Czech Republic"
"Q124477666","Brasserie de la Tour","Belgium"
"Q124477851","Brouwerij Van den Moortel","Belgium"
"Q124489527","Eaton Socon Brewery","United Kingdom"
"Q121255220","Richter's brewery","Czech Republic"
"Q121255420","Vršovický pivovar","Czech Republic"
"Q124513920","Bierbrouwerij De Magistraat","Netherlands"
"Q124570849","Capital Brewing Company","Australia"
"Q123737039","Wild Card",""
"Q129443437","Spitzenbier","Austria"
"Q127687141","Kelchner Brewery",""
"Q132198029","Gibbs Mew Limited",""
"Q130276069","De Koningshoeven Brewery","Netherlands"
"Q126456367","Pivovar Velké Březno","Czech Republic"
"Q129683209","Nordstadt braut","Germany"
"Q130383024","Three Weavers Brewing Company","United States"
"Q126520355","Brauerei Raschhofer","Austria"
"Q126891184","Dog Rose Brewing Company","United States"
"Q126898478","A1A Ale Works","United States"
"Q126915701","Malmö Brewing Co","Sweden"
"Q126894696","Litra Brewery","Russia"
"Q126520355","Brauerei Raschhofer","Austrian Empire"
"Q127161625","Hand & Malt","South Korea"
"Q131851264","Kuro aparatūra","Lithuania"
"Q131220296","Brasserie de Chanaz","France"
"Q131278111","Nigeria Breweries Plc, Makera Road, Kaduna","Nigeria"
"Q131287312","Nigerian Breweries Kudenda","Nigeria"
"Q126520355","Brauerei Raschhofer","Cisleithania"
"Q127690175","Moor Beer Company","United Kingdom"
"Q126520355","Brauerei Raschhofer","Archduchy of Austria"
"Q127843539","Neckarmüller","Germany"
"Q131674984","Scobel Brewery in Gliwice","Poland"
"Q131717297","Newbarns Brewery","United Kingdom"
"Q131727719","Pretty Decent Beer Co","United Kingdom"
"Q131746556","Roessle Brewery","United States"
"Q131747262","Post & Beam Brewing","United States"
"Q128016668","Deli Brouwerij","Netherlands"
"Q131781723","Fellabrunner Bierbrauerei","Austria"
"Q131781816","7 Stern Bräu","Austria"
"Q131825021","Kauno alus","Lithuania"
"Q131843858","A.J. Houghton & Co. “Vienna” Brewery","United States"
"Q131843940","Burkhardt Brewery","United States"
"Q131843996","Continental Brewery","United States"
"Q131844153","American Brewing Company (Boston)","United States"
"Q131845145","Boston Beer Company (1828)","United States"
"Q131842811","Vilkmergės alus","Lithuania"
"Q131850215","Panevėžio alus","Lithuania"
"Q131850338","Širvenos Bravoras","Lithuania"
"Q131850881","Vilniaus alus","Lithuania"
"Q131851158","Sakiškės Brewery","Lithuania"
"Q131851353","Genys Brewing","Lithuania"
"Q131851412","Bear and Boar","Lithuania"
"Q131851538","Green Monster Brewery","Lithuania"
"Q131851706","Basker Brewing Co.","Lithuania"
"Q131918436","Davra brewery","Lithuania"
"Q131918640","Pilialaukis","Lithuania"
"Q131918696","Su puta","Lithuania"
"Q131918839","Vasaknos Manor beer","Lithuania"
"Q131916011","Bierol","Austria"
"Q128810105","Vereinsbrauerei Höhscheid","Germany"
"Q132522950","brewery in Siemianowice Śląskie","Poland"
"Q129266319","Poděbrady Brewery","Czech Republic"
"Q129092279","Brauerei Beckmann","Germany"
"Q19298958","Rathaus","Germany"
"Q16996807","Indeed Brewing Company","United States"
"Q16995811","Lacons Brewery","United Kingdom"
"Q17002248","Bent Paddle Brewing Company","United States"
"Q17020785","Sedgwicks Brewery","United Kingdom"
"Q17028603","Swamp Head Brewery","United States"
"Q17031159","Schmidt Brewery","United States"
"Q17041119","Old Town Pizza","United States"
"Q17038527","Steamworks Brewing Company","Canada"
"Q17053398","Privatbrauerei Hofmühl","Germany"
"Q17065812","Wieland Brewery Building","United States"
"Q17090693","New Holland Brewing Company","United States"
"Q17108286","The Bruery","United States"
"Q17108368","Pete's Brewing Company","United States"
"Q17101869","Janssen and Bechly Brewery","Germany"
"Q17118795","New Glarus Brewing Company","United States"
"Q17110188","Mt. Begbie Brewing Company","Canada"
"Q17190954","Pripps","Sweden"
"Q17014922","Bahamian Brewery and Beverage Co","The Bahamas"
"Q17622300","Sarrebourg",""
"Q17310588","Brauerei Treiber","Germany"
"Q17310589","Brauerei Ganß","Germany"
"Q17325739","Post Brauerei Weiler und Siebers-Quelle Anton Zinth","Germany"
"Q17381319","Brouwerij Bourgogne","Belgium"
"Q17400190","Familienbrauerei Bauhöfer","Germany"
"Q17416431","Vratislavice brewery","Czech Republic"
"Q17460473","Bierbrouwerij Van Waes Boodts","Netherlands"
"Q17479551","Brewery in Bojanowo","Poland"
"Q17491286","Auburn Alehouse","United States"
"Q17492953","Heineken's Bierbrouwerij Maatschappij","Netherlands"
"Q17514910","Dunedin Brewery","United States"
"Q17505463","Brauerei-Gasthof Bucher (Gundelfingen an der Donau)","Germany"
"Q17573617","Pivovar Opava","Czech Republic"
"Q18011749","Brouwerij Sint-Arnoldus","Belgium"
"Q17626370","Mostecký Kahan minibrewery","Czech Republic"
"Q17743171","The Brewhouse At Fferm Farmhouse","United Kingdom"
"Q17748178","Schlossbrauerei Sandersdorf","Germany"
"Q17762775","Costa Rica's Craft Brewing Company","Costa Rica"
"Q18011750","Brouwerij Bekaert","Belgium"
"Q18011754","Brouwerij Christiaen","Belgium"
"Q18011752","Brouwerij Belle Vue","Belgium"
"Q18011756","Brouwerij het Anker","Belgium"
"Q18011757","Brouwerij Sint-Jozef","Belgium"
"Q18020771","Brasserie de l'Espérance","France"
"Q18027733","Schlossbrauerei Naabeck","Germany"
"Q18027014","Privatbrauerei Fritz Egger","Austria"
"Q18042804","Pivovárek Morava","Czech Republic"
"Q18042849","Skřečoňský žabák","Czech Republic"
"Q18562338","Lion Brewery","United Kingdom"
"Q18151793","No-Li Brewhouse","United States"
"Q18161367","Matthew Brown brewery","United Kingdom"
"Q18162424","Twickenham Fine Ales","United Kingdom"
"Q18163127","Westerham Brewery","United Kingdom"
"Q18167116","Invercargill Brewery","New Zealand"
"Q18349369","Hibernia Brewing","United States"
"Q17300141","Wispe","Netherlands"
"Q18042636","Gambrinus","Czech Republic"
"Q18548890","United Romanian Breweries Bereprod","Romania"
"Q18589448","Paderborner Brauerei","Germany"
"Q18636480","2 Towns Ciderhouse","United States"
"Q18661259","Restaurant Perho","Finland"
"Q18712245","Fremont Brewing","United States"
"Q2905391","Carling Black Label","Canada"
"Q2918775","Roman brewery","Belgium"
"Q2923371","Bracongo","Democratic Republic of the Congo"
"Q2923625","Bralima Brewery","Democratic Republic of the Congo"
"Q2924060","Brasserie des Franches-Montagnes","Switzerland"
"Q2924067","Katanga breweries","Democratic Republic of the Congo"
"Q2923989","Brewery Au Baron","France"
"Q2923994","brewery Coreff","France"
"Q2924004","Brasserie Grain d'orge","France"
"Q2924012","Brasserie La Choulette","France"
"Q2924013","Brasserie Laden-Wallez","France"
"Q2924018","Brasserie Melusine","France"
"Q2924023","Brasserie Saint-Germain","France"
"Q2924020","Brasserie Lancelot","France"
"Q2924032","brasserie Tri Martolod","France"
"Q2924043","Brasserie Goudale","France"
"Q2924047","Brasserie de Saint-Sylvestre","France"
"Q2924044","Brasserie de Saint-Omer","France"
"Q2924051","Brasserie de la Brière","France"
"Q2924049","Brasserie de Tahiti","France"
"Q2924064","Brasserie du Mont-Blanc","France"
"Q2923998","L'Excelsior","France"
"Q2924005","Heineken breweries in France","France"
"Q2924000","Dow Breweries","Canada"
"Q2924024","Brasserie Nationale d'Haiti","Haiti"
"Q2773628","La Belle Alliance","Netherlands"
"Q2905039","Beers of Alsace",""
"Q2744801","Het Achterom","Netherlands"
"Q2557475","Weldebräu","Germany"
"Q2564899","De Bie Brewery","Belgium"
"Q2565050","Westerwald-Brauerei","Germany"
"Q2565108","Westfalen Culinarium","Germany"
"Q2567692","Wicküler-Brauerei","Germany"
"Q2572560","Brouwerij Het Nest","Belgium"
"Q2599465","Brouwerij Het Alternatief","Belgium"
"Q2620189","Brewery De Dochter van de Korenaar","Belgium"
"Q2638082","Hijos de Rivera","Spain"
"Q2638319","Brouwerij Callewaert","Belgium"
"Q2649044","Allgäuer Brewery","Germany"
"Q2651625","Brouwerij Anders!","Belgium"
"Q2651633","Altes Brauhaus","Germany"
"Q2663359","Brauerei Fohrenburg","Austria"
"Q2670277","Svaneke Bryghus","Denmark"
"Q2682652","Brewery Brunehaut","Belgium"
"Q2684279","De Koninck Brewery","Belgium"
"Q2685662","Brouwerij Loterbol","Belgium"
"Q2688067","Gruut brewery","Belgium"
"Q2689313","Pico brewery Alvinne","Belgium"
"Q2693970","Falkenkrug","Germany"
"Q2710940","Haller Löwenbräu","Germany"
"Q2649044","Allgäuer Brewery","German Reich"
"Q2728163","Gooische Bierbrouwerij","Netherlands"
"Q2732852","Brewery Strubbe","Belgium"
"Q2751525","De Ranke Brewery","Belgium"
"Q2753693","Küpper-Brauerei","Germany"
"Q2754546","Gulpener Brewery","Netherlands"
"Q2768133","Lupulus brewery","Belgium"
"Q2780761","Brewery Angerik","Belgium"
"Q2782232","Brasserie d'Écaussinnes","Belgium"
"Q2782244","Brouwerij Casino","Netherlands"
"Q2791168","Bosteels brewery","Belgium"
"Q2798725","Brewery De Graal","Belgium"
"Q2799401","Brasserie Du Bocq","Belgium"
"Q2800059","Schussenrieder Brauerei Ott","Germany"
"Q2800096","Schwarzbräu","Germany"
"Q2646603","Tauras","Lithuania"
"Q2809884","Zötler Brewery","Germany"
"Q2855164","Brasserie du Val de Sambre","Belgium"
"Q2865215","Brouwerij van Baasrode","Belgium"
"Q2882546","Banjalučka Pivara","Bosnia and Herzegovina"
"Q2894344","Belgh Brasse","Canada"
"Q2897076","Brouwerij Deca","Belgium"
"Q81427420","Veluwse Schavuyt","Netherlands"
"Q68170111","Brauerei J. G. Reif AG","German Reich"
"Q78506000","Safari Brewery","Czech Republic"
"Q92777229","Hirschbrauerei Schilling","Germany"
"Q95995075","Whistler Brewing Company","Canada"
"Q75976890","Brewery Klotzbücher","Germany"
"Q89686198","Olympic Brewery","Greece"
"Q81942766","Brauerei Kraus","Germany"
"Q72721929","Brauerei Bender","Germany"
"Q82001226","Brasserie Bouchoule","France"
"Q76282626","Herbsthäuser Brewery","Germany"
"Q73255294","Põhjala Brewery","Estonia"
"Q93499246","Ottenbräu","Germany"
"Q85403211","Mustanlahden Mietojuomatehdas","Finland"
"Q76385918","Mustalahti Brewery","Russian Empire"
"Q76385931","Onkiniemi Brewery","Russian Empire"
"Q73656427","Northspur Brewing Co.","United States"
"Q85521329","Stiegl-Brauwelt","Austria"
"Q85539415","Brouwerij Breda","Belgium"
"Q93765234","Stanislaus Brewskovitch","Netherlands"
"Q85425641","Gesellschaftsbrauerei Viechtach","Germany"
"Q70005591","Babben Brewery","Germany"
"Q70085624","Pivovar Nasavrky","Czech Republic"
"Q85403211","Mustanlahden Mietojuomatehdas","Russian Empire"
"Q85403531","Santalahden ja Onkiniemen Osake-Oluttehdas","Russian Empire"
"Q85747628","Blackstone Brewing Company","United States"
"Q67194762","Kronen-Brauerei Bruno Ermisch","Germany"
"Q70791409","Columbia Brewing Company, Tacoma","United States"
"Q91240662","old castle Hainewalde","Germany"
"Q74473658","Cervejaria Solmar, incluindo o património móvel integrado","Portugal"
"Q83380769","Bäcker Brewery","Brazil"
"Q70892622","Schultheiss-Brauerei (Prenzlauer Berg)","Germany"
"Q70926663","Open Water Brewery","Finland"
"Q83520228","Former brewery in Prudnik","Poland"
"Q67804698","Pivovar Kamenice","Czech Republic"
"Q91786669","Brouwerij De Neve","Belgium"
"Q67889987","Forschungsbrauerei Weihenstephan","Germany"
"Q71448503","MüllerBräu Baden AG","Switzerland"
"Q88778321","Schlossbrauerei Stein","Germany"
"Q86756254","Magic Rock Brewing","United Kingdom"
"Q75137140","Gnarly Barley Brewing Company",""
"Q95143891","Bierbrouwerij Wentersch","Netherlands"
"Q75326265","Saugatuck Brewing Company","United States"
"Q70893644","Tivoli-Brauerei","Germany"
"Q134879175","John Lovibond & Sons Ltd",""
"Q133458754","Parker County Brewing Company","United States"
"Q133826797","Lion Brewery Co","Singapore"
"Q134448435","Yale Terrace Brewery","United States"
"Q134487385","Readington Brewery","United States"
"Q134532055","Chiltern Valley Winery And Brewery","United Kingdom"
"Q134681150","Brouwerij 'De aker'","Netherlands"
"Q132657849","Siren Craft Brew","United Kingdom"
"Q132759934","Philip George & Co.","United Kingdom"
"Q125578806","Big Belly Brewing","Netherlands"
"Q125246026","Canadian Breweries Limited",""
"Q125755892","Willow Rock Brewing Company","United States"
"Q125758709","Brew York","United Kingdom"
"Q125758636","Murau Brewery","Austria"
"Q125779356","Brouwerij Maallust","Netherlands"
"Q125779339","De Bekeerde Suster","Netherlands"
"Q125779349","Duits & Lauret","Netherlands"
"Q125779352","Ramses Bier","Netherlands"
"Q124672046","Walhalla","Netherlands"
"Q124620906","Kaapse Brouwers","Netherlands"
"Q124625708","Kompaan","Netherlands"
"Q124632476","Crooked Spider","Netherlands"
"Q124632565","Moersleutel","Netherlands"
"Q124646359","Brewpub De Kromme Haring","Netherlands"
"Q124662583","Baxbier","Netherlands"
"Q124663040","Brouwerij Bliksem","Netherlands"
"Q124663647","Brouwerij Brouwerslokaal","Netherlands"
"Q124663583","Dutch Bargain","Netherlands"
"Q124666075","100 Watt","Netherlands"
"Q124666094","Lighttown Brewers","Netherlands"
"Q124666161","Stadsbrouwerij 013","Netherlands"
"Q124666148","Van Moll","Netherlands"
"Q125246022","Canadian Brewing Company","Canada"
"Q125390234","Fyne Ales","United Kingdom"
"Q125389952","Brewfist","Italy"
"Q125506784","Jonah Beer","Israel"
"Q125779378","Oedipus","Netherlands"
"Q125779382","Breugem Bier","Netherlands"
"Q125779402","Brouwerij Noordt","Netherlands"
"Q125779417","Bruut Bier","Netherlands"
"Q125779368","DAVO Bieren","Netherlands"
"Q125779476","Brouwerij Homeland","Netherlands"
"Q125779393","De Hollandse Pilsener Fabriek","Netherlands"
"Q125779413","Rigtersbier","Netherlands"
"Q125779467","Hooglander Bier","Netherlands"
"Q125779372","Othmar","Netherlands"
"Q137205345","Staggeringly Good","United Kingdom"
"Q137360789","Pillars Brewery","United Kingdom"
"Q137561503","Riebeck & Comp.","Germany"
"Q135402317","Bierbrouwerij Godschalx","Netherlands"
"Q135419022","Champion Brewing Company","United States"
"Q135419187","Random Row Brewing Company","United States"
"Q135412876","Brouwerij Maes (De Kroon)","Netherlands"
"Q135484475","Alingsås bryggeri","Sweden"
"Q135551664","Neptune Brewery","United Kingdom"
"Q135617108","Sperber-Bräu","Germany"
"Q135641618","Lidköpings Bryggeri","Sweden"
"Q135642259","Bryggeriet Örnen","Sweden"
"Q135642561","Bryggeriet Örnen","Sweden"
"Q135797944","Aeronaut Brewing Company","United States"
"Q137555955","Harvard Brewing Company",""
"Q135958652","SuperFly Brewing Co.","United States"
"Q136169052","Real American Beer","United States"
"Q136172441","Fierce Beer","United Kingdom"
"Q134972067","Brewery Betsy","Belgium"
"Q135533570","Track","United Kingdom"
"Q135412875","Brouwerij De Ridder","Netherlands"
"Q135212563","Jenbacher Brewery","Austria"
"Q135319346","John O'Groats Brewery & Tap Room","United Kingdom"
"Q136696392","Brouwerij 'De Ster'","Netherlands"
"Q136696398","Brouwerij ""De Sleutel""","Netherlands"
"Q21487093","Maku Brewing","Finland"
"Q21233556","Lucky Buddha Beer","People's Republic of China"
"Q21526007","Wiesbadener Kronen-Brauerei","Germany"
"Q21582246","Pinzgau Bräu","Austria"
"Q19310587","Union-Brauerei","Germany"
"Q19372658","Einstök","Iceland"
"Q19380292","Lundetangen Brewery","Norway"
"Q19393053","Trio Brewery","Norway"
"Q19372263","Cervecería Nacional","Panama"
"Q19509611","La Salve Bilbao","Spain"
"Q19572232","Iron Horse Brewery","United States"
"Q19631054","Brewery Saudan","Belgium"
"Q19631009","De Friese Bierbrouwerij","Netherlands"
"Q19645951","Lao Asia Pacific Brewery","Laos"
"Q19759781","Līvu Alus","Latvia"
"Q19863969","Abbey Brewing Company","United States"
"Q19865277","Fat Head's Brewery","United States"
"Q19867090","Dangerous Man Brewing Company","United States"
"Q19877213","Power's Brewery","Australia"
"Q19654839","Eden Brewery, Penrith",""
"Q19880991","Jester King Brewery","United States"
"Q19881102","Joseph Knoble Brewery","United States"
"Q19878808","Hogsback Brewing Company","Canada"
"Q19903411","Bad Martha Brewing Company","United States"
"Q19903594","Bragdy Nant","United Kingdom"
"Q20723301","Fischer (beer)",""
"Q19942851","Kronenbrauerei Hardering","Germany"
"Q20033677","Brewery in Sobótka","Poland"
"Q20053277","Wäls Brewing Company","Brazil"
"Q20182556","Pyraser Brauerei","Germany"
"Q20475999","Brasserie La Saint-Pierre","France"
"Q20481564","Stadtbrauerei Arnstadt","Germany"
"Q20499267","Proschekovo pivo","Bulgaria"
"Q20658344","Tallgrass Brewing Company","United States"
"Q20871058","Hasseröder","Germany"
"Q20971818","Brasserie du Pélican","France"
"Q20991781","Brouwerij Carpentier","Belgium"
"Q20992296","Brouwerij De Brabandere","Belgium"
"Q21003884","Drybrough & Co","United Kingdom"
"Q21016277","Tractor Brewing Company","United States"
"Q20994791","Cervecería Aubel","Chile"
"Q21036396","Frankfurter Brauhaus","Germany"
"Q21095958","Lammbrauerei (Burgau)","Germany"
"Q21189361","Hardywood Park Craft Brewery","United States"
"Q21196573","Rocket Republic Brewing Company","United States"
"Q21281419","Brouwerij Sint-Joris","Belgium"
"Q21281422","Brouwerij Costenoble","Belgium"
"Q21281420","Brouwerij De Cop","Belgium"
"Q98212536","Uprising","United Kingdom"
"Q96374129","Burger Brewing Company",""
"Q98072640","Kirkstall Brewery","United Kingdom"
"Q96279959","Wuth’sche Brauerei","Germany"
"Q96371855","Alpha Michigan Brewing Company","United States"
"Q97665078","Arbor","United Kingdom"
"Q96409405","The Kernel Brewery","United Kingdom"
"Q97175450","Brasserie de l'Union","Belgium"
"Q97277450","Melchoir Brewery and Hotel Ruins","United States"
"Q97275006","Brussels Beer Project","Belgium"
"Q97619412","The 3 Brewers of St.Albans","United Kingdom"
"Q97621373","Ashby Brewing Company","United States"
"Q97621074","Aylesbury Brewhouse Co.","United Kingdom"
"Q97621257","Alphabet Brewing Company","United Kingdom"
"Q97621397","ABC Brewing","Norway"
"Q97631608","Alexandria Brewing Company","United States"
"Q97631822","Airline Brewing Company","United States"
"Q97632181","Arbor Brewing Company","United States"
"Q97621337","Ashton Brewing Company","Canada"
"Q97621428","Another Beer Co.","Canada"
"Q97642116","ABC Brewery","Ukraine"
"Q97642266","Athletic Brewing Co.","United States"
"Q97643789","Avon Brewing Company","United States"
"Q97661391","The Chiltern Brewery","United Kingdom"
"Q97666414","Hornes Brewery","United Kingdom"
"Q97667050","Weird Beard Brew Co.","United Kingdom"
"Q97676194","Leighton Buzzard Brewing Co.","United Kingdom"
"Q98628626","Ehemalige Brauerei","Germany"
"Q97725993","Siren Rock Brewing Company","United States"
"Q98070340","Crate","United Kingdom"
"Q98073411","Saltaire","United Kingdom"
"Q98141788","Brauerei","Germany"
"Q98142116","Brauerei","Germany"
"Q97975500","Animal Brewing Co","United Kingdom"
"Q98012696","Cervejaria Melo Abreu","Portugal"
"Q98067081","Abbeydale Brewery","United Kingdom"
"Q98070139","Almasty Brewing Co.","United Kingdom"
"Q98070202","Anarchy Brew Co.","United Kingdom"
"Q98071243","The Five Points Brewing Company","United Kingdom"
"Q98072911","Vale Brewery","United Kingdom"
"Q98072927","The Wild Beer Co","United Kingdom"
"Q98074734","Nene Valley Brewery","United Kingdom"
"Q98074829","Mad Squirrel","United Kingdom"
"Q98075011","paradigm brewery","United Kingdom"
"Q98103562","Kent Brewery","United Kingdom"
"Q98100435","part of D-1-72-116-295 in Berchtesgaden in Bavaria, Germany","Germany"
"Q98118420","Downlands Brewery","United Kingdom"
"Q98118486","Buxton Brewery","United Kingdom"
"Q98118338","Wimbledon Brewery","United Kingdom"
"Q98482094","Brauerei","Germany"
"Q98482791","Brauerei","Germany"
"Q98483929","Brauerei","Germany"
"Q98581806","Brauerei","Germany"
"Q98210858","Brew By Numbers","United Kingdom"
"Q98210939","Hobsons Brewery Co.","United Kingdom"
"Q98606539","Brauerei","Germany"
"Q98606698","Brauerei","Germany"
"Q98608439","Brauerei","Germany"
"Q98212888","Windsor & Eton","United Kingdom"
"Q98214962","Humble Sea","United States"
"Q98214265","New Bristol Brewery","United Kingdom"
"Q98214444","BAD Co.","United Kingdom"
"Q98214470","Turning Point Brew Co.","United Kingdom"
"Q98214662","Northern Monk","United Kingdom"
"Q98222607","Anspach & Hobday","United Kingdom"
"Q98222554","Hop Kettle","United Kingdom"
"Q98222646","Hillfire Brewing Co.","United Kingdom"
"Q98222617","Pope's Yard","United Kingdom"
"Q98222852","Totally Brewed Beer Co.","United Kingdom"
"Q98222944","Howling Hops","United Kingdom"
"Q98442792","Košíře Brewery","Czech Republic"
"Q98081479","Wylam Brewery","United Kingdom"
"Q98212518","Wild Weather","United Kingdom"
"Q98482494","Brauerei Dorfplatz 2 in Ebern","Germany"
"Q98482498","Brauerei Kartäuserstraße 14 b in Ochsenfurt","Germany"
"Q98482496","Brauerei Kartäuserstraße 14 a in Ochsenfurt","Germany"
"Q98587854","Brauerei Neundorf 41 in Mitwitz","Germany"
"Q98587855","Brauerei Marienweiher 30 in Marktleugast","Germany"
"Q98587852","Brauerei Oberend 1 a in Scheßlitz","Germany"
"Q98587853","Brauerei Schloß 1 in PommersfeLenn","Germany"
"Q98587858","Brauerei An der Ebrach 6 in Hirschaid","Germany"
"Q98587859","Brauerei Nähe Obere Dorfstraße in Guttenberg (Oberfranken)","Germany"
"Q98587856","Brauerei Heubsch 43; Papiermühle in Kasendorf","Germany"
"Q98587857","Brauerei Unterkotzauer Weg 11 in Hof (Saale)","Germany"
"Q98587862","Brauerei Oberkonnersreuther Straße 6 a; Oberkonnersreuther Straße 6 b; Oberkonnersreuther Straße 6 c; Oberkonnersreuther Straße 6 d; Oberkonnersreuther Straße 6 e in Bayreuth","Germany"
"Q98587860","Brauerei Klosterstraße 8 in Forchheim","Germany"
"Q98587861","Brauerei Am Hofbräuhaus 1 in Coburg","Germany"
"Q98587863","Klosterbrauerei Concordiastraße 11 in Bamberg","Germany"
"Q98620734","Castle brewery","Germany"
"Q98622643","Brauerei Hauptstraße 2 in Polsingen","Germany"
"Q98623372","Brauerei Marktplatz 7 in Eckental","Germany"
"Q98625082","Cold store of Humbser brewery, Schwabacher Straße 106 in Fürth","Germany"
"Q98626464","Brauerei Marktplatz 10 in Georgensgmünd","Germany"
"Q98627925","Brauerei Vogteiplatz 8 in Herrieden","Germany"
"Q2924070","Les Brasseurs RJ","Canada"
"Q2932900","Caffrey's Irish Ale","Ireland"
"Q2940236","Brouwerij Van Bogaert","Belgium"
"Q2946943","Cervecería Boliviana Nacional","Bolivia"
"Q4033686","Aldaris","Latvia"
"Q3388916","Brouwerij De Kroon","Netherlands"
"Q2996856","De Ryck brewery","Belgium"
"Q3002428","Creemore Springs","Canada"
"Q3021446","Brouwerij Ceuterick","Belgium"
"Q2924067","Katanga breweries","Belgian Congo"
"Q3033748","Dogfish Head Brewery","United States"
"Q3785560","Swannay Brewery","United Kingdom"
"Q3024535","Desnoes & Geddes",""
"Q3088553","United Breweries Group",""
"Q3930531","Brouwerij Dupont","Belgium"
"Q3078781","Allied Breweries","United Kingdom"
"Q3078964","Ansells Brewery","United Kingdom"
"Q3545227","Brouwerij Het Damberd","Belgium"
"Q3918486","Brouwerij De Fontein","Belgium"
"Q3095874","Hof ten Dormaal brewery","Belgium"
"Q3953867","Brouwerij De Fontein","Netherlands"
"Q3107294","Brains Brewery","United Kingdom"
"Q3640367","Pedavena","Italy"
"Q3127438","De Plukker brewery","Belgium"
"Q3904501","brasserie Sainte-Hélène","Belgium"
"Q3136982","Brouwerij Heyloo","Netherlands"
"Q3916550","Brouwerij Mena","Belgium"
"Q3931690","Třeboň Brewery","Czech Republic"
"Q3158174","Brouwerij Bayard","Belgium"
"Q3950417","Brouwerij Ganda","Belgium"
"Q3977895","Innis & Gunn","United Kingdom"
"Q3197640","Kiuchi Brewery","Japan"
"Q4034923","Bauskas alus","Latvia"
"Q4036833","Cēsu Alus","Latvia"
"Q3206604","Brewery Vissenaken","Belgium"
"Q4038728","Falcon Brewery","Sweden"
"Q4041653","Israel Beer Breweries","Israel"
"Q4026257","Brouwerij Sint-Jozef","Belgium"
"Q4034524","Athenian Brewery","Greece"
"Q3182007","John Martin","Belgium"
"Q3231161","Les Brasseurs du Nord","Canada"
"Q3233973","Brouwerij De Brabander","Belgium"
"Q3266423","Brouwerij Emelisse","Netherlands"
"Q3289564","Brouwerij Boeykens","Belgium"
"Q3475564","Brasserie Schutzenberger","France"
"Q3303595","McAuslan Brewing","Canada"
"Q3303273","Birra Malto Brewery","Albania"
"Q3335289","Spendrups","Sweden"
"Q3356414","Grans Brewery","Norway"
"Q3360013","Pabst Brewing Company","United States"
"Q3372581","John Smith's Brewery","United Kingdom"
"Q3381370","Phoenix Beverages","Mauritius"
"Q3403126","Prilep Brewery","North Macedonia"
"Q3429306","Brouwerij Van Havermaet","Belgium"
"Q3445750","De Leckere","Netherlands"
"Q3475578","Schwarze & Schlichte","Belgium"
"Q3475578","Schwarze & Schlichte","Germany"
"Q3496897","Brouwerij 't IJ","Netherlands"
"Q3501860","Primátor","Czech Republic"
"Q3492242","South East Asia Brewery","Vietnam"
"Q3508302","Svijany Brewery","Czech Republic"
"Q3529196","Tinkoff brewery","Russia"
"Q3536948","Okocim Brewery","Poland"
"Q3578620","Écomusée vosgien de la brasserie","France"
"Q3640363","Birra Italia","Italy"
"Q3655897","Carlsberg Sweden","Sweden"
"Q3663199","Van Pur","Poland"
"Q125779507","Brouwerij Hoop","Netherlands"
"Q125779517","Poesiat & Kater","Netherlands"
"Q125779532","Solaes","Netherlands"
"Q125779587","Tesselaar Familiebrouwerij Diks","Netherlands"
"Q125779661","Brouwerij Boschdal","Netherlands"
"Q125779678","Brouwerij De Smokkelaar","Netherlands"
"Q125779666","IV:UUR Bierbrouwerij","Netherlands"
"Q100234992","Reedsburg Brewery","United States"
"Q100354936","Cervecería CCU Limache","Chile"
"Q100544743","Two Ton Brewing","United States"
"Q100767897","Chili Line Brewing Company","United States"
"Q101422066","Bourgogne des Flandres brewery","Belgium"
"Q98650811","Klosterbrauerei","Germany"
"Q98644348","Bierbrauerei","Germany"
"Q98646365","Bierbrauerei","Germany"
"Q102426918","Brauerei C. Franz","Germany"
"Q102437705","Brasserie Frontenac","Canada"
"Q98630504","Brauerei","Germany"
"Q98646391","Brauerei","Germany"
"Q98650325","Brauerei","Germany"
"Q98671571","Brauerei","Germany"
"Q98671936","Brauerei","Germany"
"Q98696251","Brauerei","Germany"
"Q98696269","Brauerei","Germany"
"Q98629299","Brauerei Hauptstraße 27 in Markt Erlbach","Germany"
"Q98629768","Brauerei Marktplatz 1 in Nennslingen","Germany"
"Q98630121","Brauerei Färberstraße 39 in Nürnberg","Germany"
"Q98633337","Brauerei Kappadocia 1 in Schwabach","Germany"
"Q98633399","Brauerei Südliche Mauerstraße 11 b in Schwabach","Germany"
"Q98633480","Brauerei Am Marktplatz 7 in Schwanstetten","Germany"
"Q98634558","Brauerei Nähe Herzogenauracher Straße in Fürth","Germany"
"Q98634556","Brauerei Herzogenauracher Straße 3 in Fürth","Germany"
"Q98634898","Brauerei Bachgasse 15 in Weißenburg in Bayern","Germany"
"Q98635053","Brauerei Geslauer Straße 3 in Windelsbach","Germany"
"Q98635199","Brauerei Rote Straße 10 in Zirndorf","Germany"
"Q98635202","Brauerei Rote Straße 8 in Zirndorf","Germany"
"Q98635203","Brauerei Rote Straße 8 in Zirndorf","Germany"
"Q98635200","Brauerei Rote Straße 10 in Zirndorf","Germany"
"Q98635201","Brauerei Rote Straße 8 in Zirndorf","Germany"
"Q98635204","Brauerei Rote Straße 10 in Zirndorf","Germany"
"Q98635205","Brauerei Rote Straße 10 in Zirndorf","Germany"
"Q98644918","former brewery building","Germany"
"Q98676462","Brauerei Herrenstraße 10 in Bad Kötzting","Germany"
"Q98676405","Klosterbrauerei Klosterhof 3; Klosterhof 4 in Auerbach in der Oberpfalz","Germany"
"Q98676870","Klosterbrauerei Klosterplatz 1 in Berching","Germany"
"Q98676868","Klosterbrauerei Klosterplatz 1 in Berching","Germany"
"Q98679018","Brauerei Schloßberg 3 in Guteneck","Germany"
"Q98679343","Brauerei Lamer Straße 8 in Hohenwarth (Landkreis Cham)","Germany"
"Q98680455","Brauerei Schloßplatz 3 in Maxhütte-Haidhof","Germany"
"Q98682077","Brauerei Hof a.Regen 56 in Nittenau","Germany"
"Q98681881","Klosterbrauerei Kapuzinerstraße 5 in Neumarkt in der Oberpfalz","Germany"
"Q98682213","Brauerei Bundesstraße 13 in Parsberg","Germany"
"Q98682119","Schlossbrauerei Nürnberger Straße 13 in Nittendorf","Germany"
"Q98682586","Brauerei Ägidienplatz 2 in Regensburg","Germany"
"Q98682743","Brauerei Spitalgasse 2 in Regensburg","Germany"
"Q98683302","Klosterbrauerei Klosterhof 9 in Speinshart","Germany"
"Q98683462","Schlossbrauerei Am Schloß 3 in Sünching","Germany"
"Q98684286","Brauerei Marktplatz 5; Nähe Am Hofgarten in Winklarn (Oberpfalz)","Germany"
"Q98699045","Brauerei Kelsstraße 38 in Neustadt an der Donau","Germany"
"Q98699256","Brauerei Hopfenstraße 3 in Siegenburg","Germany"
"Q98699271","Brauerei Rottenburger Straße 27 in Wildenberg","Germany"
"Q98698951","Schlossbrauerei Hofmark 6; Landshuter Straße 9 in Neufraunhofen","Germany"
"Q98699486","Brauerei Marktplatz 4 in Pfeffenhausen","Germany"
"Q98699523","Brauerei Bahnhofstraße 11 in Pfeffenhausen","Germany"
"Q98699628","Brauerei Bahnhofstraße 11 in Pfeffenhausen","Germany"
"Q98699687","Brauerei Römerstraße 2 in Weihmichl","Germany"
"Q98699735","Schlossbrauerei Arcostraße 2 in Postau","Germany"
"Q98700124","Brauerei Marktplatz 5 in Ortenburg","Germany"
"Q98700025","Klosterbrauerei Freiherr-von-Aretin-Platz 1 in ALenrsbach","Germany"
"Q98700477","Klosterbrauerei Hauptstraße 46; Hauptstraße 48 in Rotthalmünster","Germany"
"Q98700766","Brauerei Regensburger Straße 26 in Straubing","Germany"
"Q98700829","Brauerei Schulstraße 2 in Gotteszell","Germany"
"Q98701858","Brauerei Hauptstraße 34 in Niederviehbach","Germany"
"Q98722893","Brauerei Fischerstraße 19 in Kempten (Allgäu)","Germany"
"Q98723351","Brauerei Kirchplatz 3 in Schmiechen","Germany"
"Q98723365","Brauerei Herzog-Wilhelm-Straße 28 in Steindorf (Schwaben)","Germany"
"Q98723075","Schlossbrauerei Blumenthal 1 in Aichach","Germany"
"Q98723563","Klosterbrauerei Oberschönenfeld 1 in Gessertshausen","Germany"
"Q98724233","Schlossbrauerei Am Stadtberg 21; Am Stadtberg 21b in Dillingen an der Donau","Germany"
"Q98724469","Klosterbrauerei Nähe Hauptstraße in Medlingen","Germany"
"Q98733155","Bierbrauerei Adolf-Kolping-Straße 3 in Ingolstadt","Germany"
"Q98738956","Bierbrauerei Adolf-Kolping-Straße 5 in Ingolstadt","Germany"
"Q98739915","Brauerei Landsberger Straße 31 in München","Germany"
"Q98739913","Brauerei Landsberger Straße 31 in München","Germany"
"Q98743509","Brauerei Münchener Straße 1; Münchener Straße 3 in Moosburg an der Isar","Germany"
"Q98743220","Schlossbrauerei Hofmühlstraße 10 in Eichstätt","Germany"
"Q98743221","Schlossbrauerei Hofmühlstraße 10 in Eichstätt","Germany"
"Q98743675","Klosterbrauerei Landshuter Straße 31 in Freising","Germany"
"Q98743888","Klosterbrauerei Fürstenfeld 6; Fürstenfeld 6 a; Fürstenfeld 6 b in Fürstenfeldbruck","Germany"
"Q98743866","Schlossbrauerei Weyhern 7; Weyhern 8 in Egenhofen","Germany"
"Q98744731","Brauerei Alte Bergstraße 488 in Landsberg am Lech","Germany"
"Q98744505","Schlossbrauerei Obere Hofbreiten; Schloß Igling 2; Schloß Igling 5 in Igling","Germany"
"Q98745304","Brauerei Bräuhausplatz 3 in Haag in Oberbayern","Germany"
"Q98745489","Brauerei Stadtplatz 8a in Neumarkt-Sankt Veit","Germany"
"Q98746402","Brauerei Sehensander Weg 4 in Neuburg an der Donau","Germany"
"Q98746994","Schlossbrauerei Kirchberg 1 in Jetzendorf","Germany"
"Q98751974","Brauerei St.-Oswald-Straße 4 in Traunstein","Germany"
"Q98751986","Brauerei Traunerstraße 1 in Traunstein","Germany"
"Q98751926","Schlossbrauerei Schloßhof 2 in Traunreut","Germany"
"Q98751924","Schlossbrauerei Schloßhof 7 in Traunreut","Germany"
"Q98752666","Klosterbrauerei Weilheimer Straße 1 in Polling (bei Weilheim)","Germany"
"Q125779806","Sint Servattumus","Netherlands"
"Q26865620","Antwerp Brew Company","Belgium"
"Q24034269","La Madelon","France"
"Q26958672","Brewery Plzeňský Prazdroj","Czech Republic"
"Q24190026","Lion Brewery, Townsville","Australia"
"Q27067400","Wiper and True","United Kingdom"
"Q27084576","The Plough Brewery","United Kingdom"
"Q24256254","August Schell Brewing Company","United States"
"Q27136461","Tiny Rebel","United Kingdom"
"Q21685518","Gebrüder Treitschke","Germany"
"Q24340875","Molly's fair city","Spain"
"Q21685518","Gebrüder Treitschke","German Democratic Republic"
"Q21995022","Knížecí pivovar Plasy","Czech Republic"
"Q24648520","Small Town Brewery","United States"
"Q22021774","Ashland Brewing Company","United States"
"Q22032152","South Shore Brewery","United States"
"Q22035589","Želivský klášterní pivovar","Czech Republic"
"Q24702775","Birrificio Lambrate","Italy"
"Q22073317","Hill Farmstead Brewery","United States"
"Q22101932","Kops Brewery","United Kingdom"
"Q24884760","Thieme and Wagner Brewing Company","United States"
"Q24885161","Erie Brewing Company","United States"
"Q22236240","Moa Brewing Company","New Zealand"
"Q22236270","Two Fingers Brewing Co.","United Kingdom"
"Q23018124","Revolution Brewing",""
"Q24942189","Birra Cervisia","Italy"
"Q25001349","Market Garden Brewery","United States"
"Q25001362","Platform Beer Company","United States"
"Q22343067","Bertinchamps brewery","Belgium"
"Q22342870","Bourgogne Kruis","Netherlands"
"Q27827626","Txorierri Beers","Spain"
"Q25000174","Lighthouse Brewing Company",""
"Q25006080","Ebling Brewing Company",""
"Q24942189","Birra Cervisia","Kingdom of Italy"
"Q27905702","Schlenkerla","Germany"
"Q27918397","Beer Factory Brewery","Czech Republic"
"Q25197565","Karbach Brewing Company","United States"
"Q27960587","Klosterbrauerei Weltenburg","Germany"
"Q25302580","San Miguel Brewery","Philippines"
"Q25346095","Kamm and Schellinger Brewery","United States"
"Q25346084","Muessel-Drewry Brewery","United States"
"Q28034318","Brouwerij Troost","Netherlands"
"Q22671347","Adam Scheidt Brewing Company","United States"
"Q22671687","Hochschul-Brauerei","Germany"
"Q22671685","Historische Brennerei Rönsahl","Germany"
"Q22778356","Brouwerij De Kroon","Belgium"
"Q25387921","Duvel Moortgat Brewery","Belgium"
"Q22693576","Rathaus Hann. Münden","Germany"
"Q25435180","Hunsfos Bryggeri","Norway"
"Q25495752","Pelicon Brewery","Slovenia"
"Q22956038","Brouwerij De Ridder","Belgium"
"Q22944927","Berliner-Kindl-Brauerei am Brauhausberg","Germany"
"Q22979786","Ancienne brasserie Motte-Cordonnier","France"
"Q22979795","Ancienne brasserie","France"
"Q22997015","1868 gegründete Bierbrauerei","Germany"
"Q26772520","Felsenkeller","Germany"
"Q23461308","5 Rabbit Cervecería","United States"
"Q23461351","Bosque Brewing Company","United States"
"Q23461925","Saint Archer Brewing","United States"
"Q23461709","Lion Brewery, London","United Kingdom"
"Q26257838","Brasserie Gengoulf","Belgium"
"Q26257913","Belgian Beer of Wallonia","Belgium"
"Q23460955","Baja Brewing Company","Mexico"
"Q23461325","All or Nothing Brewhouse","Canada"
"Q26467115","Merton Hall Brewery","United Kingdom"
"Q26497947","Company House","United Kingdom"
"Q23706030","Kindl-Brauerei, Abteilung 3","Germany"
"Q26438688","Old Brewery","United Kingdom"
"Q23787099","Wörth Castle on the Isar","Germany"
"Q23787604","Rhanerbräu","Germany"
"Q26690152","Dougall's","Spain"
"Q22672173","Wiesenmühle","Germany"
"Q4735474","Alpine Beer Company","United States"
"Q4752667","Anchor Brewhouse","United Kingdom"
"Q4754219","Anderson Valley Brewing Company","United States"
"Q4760323","Andwell Brewing Company","United Kingdom"
"Q4764350","Anheuser-Busch Brewery","United States"
"Q4780837","Appalachian Brewing Company","United States"
"Q4777177","Brouwerij Ide","Belgium"
"Q4791958","Arkell's Brewery","United Kingdom"
"Q4796382","Arsenal Cider House","United States"
"Q4816027","Atlanta Brewing Co","United States"
"Q4832936","Aztec Brewing Company","United States"
"Q4838887","Bachmann's Brewery","United States"
"Q4851430","Ballantine Brewery","United States"
"Q4851544","Ballast Point Brewing Company","United States"
"Q4868773","Batemans Brewery","United Kingdom"
"Q4868885","Bath Ales","United Kingdom"
"Q4874782","Bays Brewery","New Zealand"
"Q4873648","Bavarian Brewing Company","United States"
"Q4874434","Bayern Brewing, Inc.","United States"
"Q4856474","Banks Barbados Brewery","Barbados"
"Q4880138","Beeston Brewery Company","United Kingdom"
"Q4883063","Bell's Brewery","United States"
"Q4992054","Kalnapilis","Lithuania"
"Q4906227","Big Rock Brewery","Canada"
"Q4907112","Bihaćka Pivovara","Bosnia and Herzegovina"
"Q4921060","Black Isle Brewery","United Kingdom"
"Q4921226","Van Den Bossche brewery","Belgium"
"Q4916946","Birra Tirana","Albania"
"Q4929237","Blue Hills Brewery","United States"
"Q4929639","Blue Point Brewing Company","United States"
"Q4930333","Bluegrass Brewing Company","United States"
"Q4945006","Borg Bryggerier","Norway"
"Q4947146","Bosch Brewing Company","United States"
"Q4949536","Boulder Beer Company","United States"
"Q4949634","Boulevard Brewing Company","United States"
"Q4949920","Boundary Bay Brewing Company","United States"
"Q4962681","Brewers Investment Corporation","United Kingdom"
"Q4966187","BridgePort Brewing Company","United States"
"Q4975664","Brothers Cider","United Kingdom"
"Q4975922","Brown's Brewery","United States"
